id;Forme Grammaticale;Exemple 1;;Exemple 2;;Exemple 3;;Exemple 4;
particules_de_base;Particules de base (は、が、を、に、で、へ、と、から、まで、より);私は学生です。; (Je suis étudiant.);猫がいます。; (Il y a un chat.);本を読みます。; (Je lis un livre.);友達に会います。; (Je vais voir un ami.)
aru_iru;ある・いる;机の上に本がある。; (Il y a un livre sur le bureau.);庭に犬がいる。; (Il y a un chien dans le jardin.);時間がない。; (Je n'ai pas le temps.);あそこに先生がいる。; (Le professeur est là-bas.)
ato_de;後で;食事をした後で、散歩します。; (Après avoir mangé, je vais me promener.);映画を見た後で、コーヒーを飲んだ。; (Après avoir vu le film, nous avons bu un café.);仕事の後で、買い物に行く。; (Après le travail, je vais faire des courses.);宿題を終わらせた後で、遊びに行いていいよ。; (Tu peux aller jouer après avoir fini tes devoirs.)
base_dasu;Base verbale + 出す;雨が降り出した。; (La pluie s'est mise à tomber.);子供が急に泣き出した。; (L'enfant s'est soudain mis à pleurer.);彼は話し出した。; (Il s'est mis à parler.);走り出す。; (Se mettre à courir.)
base_hajimeru;Base verbale + 始める;勉強を始める。; (Commencer à étudier.);料理を作り始めた。; (J'ai commencé à faire la cuisine.);本を読み始める。; (Commencer à lire un livre.);ピアノを習い始めた。; (J'ai commencé à apprendre le piano.)
base_ni_iku_kuru;Base verbale + にいく・にくる;スーパーへ買い物に行く。; (Je vais faire des courses au supermarché.);遊びに来てください。; (Venez jouer / rendre visite.);食事に行きませんか。; (Si on allait manger ?);図書館へ本を返しに行った。; (Je suis allé à la bibliothèque rendre un livre.)
base_sugiru;Base verbale + すぎる;食べすぎた。; (J'ai trop mangé.);この問題は難しすぎる。; (Ce problème est trop difficile.);遅すぎる！; (C'est trop tard !);働きすぎないでください。; (Ne travaillez pas trop.)
chu_ju;中・じゅう;一日中働いた。; (J'ai travaillé toute la journée.);世界中を旅行したい。; (Je veux voyager dans le monde entier.);夏休み中、海に行った。; (Je suis allé à la mer pendant les vacances d'été.);年間を通じて。; (Tout au long de l'année.)
particule_de;で (Moyen, Méthode, Lieu);ペンで書く。; (Écrire avec un stylo.);電車で来た。; (Je suis venu en train.);公園で遊ぶ。; (Jouer dans le parc.);千円で買った。; (Je l'ai acheté pour 1000 yens.)
desho_daro;でしょう・だろう;明日は晴れるでしょう。; (Il fera beau demain, probablement.);彼はもう知っているだろう。; (Il le sait sûrement déjà.);高いでしょう？ ;(C'est cher, n'est-ce pas ?);それは大変だったでしょう。; (Ça a dû être dur.)
forme_conjonctive_i;Forme conjonctive en -i;食べて (tabe-te);;飲んで (non-de);;書いて (kai-te);;行って (i-tte);
forme_masu;Forme en -ます;行きます。; (Je vais.);食べます。; (Je mange.);見ます。; (Je regarde.);寝ます。; (Je dors.)
forme_naide_kudasai;Forme en -ないでください;入らないでください。; (N'entrez pas, s'il vous plaît.);心配しないでください。; (Ne vous inquiétez pas.);ここに置かないでください。; (Ne posez pas ça ici.);電話をかけないでください。; (Ne téléphonez pas.)
forme_dict;Forme en -る, -う;食べる (taberu);;行く (iku);;泳ぐ (oyogu);;話す (hanasu);
forme_tai;Forme en -たい;水が飲みたい。; (Je veux boire de l'eau.);日本に行きたい。; (Je veux aller au Japon.);彼に会いたい。; (Je veux le voir.);何が食べたいですか。; (Que voulez-vous manger ?)
particule_ga;が (Sujet);私がやります。; (C'est moi qui le ferai.);桜がきれいだ。; (Les cerisiers sont magnifiques.);ドアが開いている。; (La porte est ouverte.);頭が痛い。; (J'ai mal à la tête.)
particule_ha;は (Thème);象は鼻が長い。; (L'éléphant a une longue trompe.);私はコーヒーは飲みません。; (Moi, le café, je n'en bois pas.);今日は寒い。; (Aujourd'hui, il fait froid.);彼は先生です。; (Lui, il est professeur.)
ha_ikemasen;は いけません;ここで泳いではいけません。; (Il est interdit de nager ici.);嘘をついてはいけません。; (Il ne faut pas mentir.);サイン前には開けてはいけません。; (Ne pas ouvrir avant la date indiquée.);遅れてはいけません。; (Il ne faut pas être en retard.)
ho_ga_ii;方がいい;薬を飲んだ方がいいですよ。; (Tu devrais prendre un médicament.);早く寝た方がいい。; (Tu ferais mieux d'aller dormir tôt.);聞いた方がいい。; (Tu devrais demander.);やめた方がいい。; (Tu devrais arrêter.)
particule_ka;か (Interrogation);お名前は？; (Votre nom ?);どちらからいらっしゃいましたか。; (D'où venez-vous ?);コーヒー、紅茶、どちらにしますか。; (Vous prendrez café ou thé ?);行くか行かないか決めてください。; (Décidez si vous y allez ou non.)
kara_made;から・まで;家から駅まで歩く。; (Je marche de chez moi à la gare.);9時から5時まで働く。; (Je travaille de 9h à 17h.);彼から手紙が来た。; (Une lettre est venue de lui.);東京から大阪まで新幹線で行く。; (Je vais de Tokyo à Osaka en Shinkansen.)
kara_node;から・ので (Cause);疲れたから休む。; (Je me repose parce que je suis fatigué.);雨が降ったので、試合は中止だ。; (Comme il a plu, le match est annulé.);安いので、買った。; (Je l'ai acheté parce que c'était pas cher.);約束があるから、帰ります。; (Je rentre parce que j'ai un rendez-vous.)
koto_ga_dekiru;ことができる;日本語を話すことができる。; (Je peux parler japonais.);泳ぐことができますか。; (Savez-vous nager ?);運転することができる。; (Je peux conduire.);理解することができなかった。; (Je n'ai pas pu comprendre.)
mae_ni;前に;寝る前に歯を磨く。; (Je me brosse les dents avant de dormir.);出かける前に電話する。; (Je téléphone avant de sortir.);日本に来る前に、少し勉強した。; (J'ai un peu étudié avant de venir au Japon.);食べる前に「いただきます」と言う。;" (On dit ""Itadakimasu"" avant de manger.)"
particule_mo;も (Aussi);私も行きます。; (Moi aussi, j'y vais.);コーヒーもください。; (Un café aussi, s'il vous plaît.);今日も雨だ。; (Encore de la pluie aujourd'hui.);一度も行ったことがない。; (Je n'y suis jamais allé, pas même une fois.)
mo_ii_desu;もいいです;窓を開けてもいいですか。; (Puis-je ouvrir la fenêtre ?);ここに座ってもいいですか。; (Puis-je m'asseoir ici ?);帰ってもいいですよ。; (Tu peux rentrer.);写真を撮ってもいいです。; (Vous pouvez prendre des photos.)
superlatif;最も・一番・最;一番好きな映画。; (Mon film préféré.);世界で最も高い山。; (La montagne la plus haute du monde.);最新のニュース。; (Les toutes dernières nouvelles.);彼がクラスで一番速い。; (C'est le plus rapide de la classe.)
mo_mada;もう・まだ;もう帰りました。; (Il est déjà rentré.);もう食べません。; (Je n'en veux plus.);まだ終わっていない。; (Ce n'est pas encore fini.);まだ雨が降っている。; (Il pleut encore.)
nado;など;りんごやバナナなどを買った。; (J'ai acheté des pommes, des bananes, etc.);テニスなどが好きだ。; (J'aime le tennis, entre autres.);お茶などいかがですか。; (Voulez-vous du thé, par exemple ?);嘘などつかない。; (Je ne dis pas de mensonges, choses comme ça.)
nakereba_narimasen;なければなりません;勉強しなければなりません。; (Je dois étudier.);税金を払わなければならない。; (Il faut payer ses impôts.);明日までに終わらせなければならない。; (Il faut que je finisse pour demain.);約束を守らなければなりません。; (Il faut tenir ses promesses.)
naru;なる;医者になる。; (Devenir médecin.);寒くなった。; (Il est devenu froid.);静かになる。; (Devenir calme.);日本語が上手になりたい。; (Je veux devenir bon en japonais.)
particule_ne;ね;いい天気ですね。; (Il fait beau, n'est-ce pas ?);明日は休みだね。; (Demain, c'est congé, hein ?);そうですね。; (C'est vrai, oui / Hum.);おいしいね。; (C'est bon, hein ?)
particule_ni;に (Objet indirect, direction);母に手紙を書く。; (Écrire une lettre à ma mère.);日本に行く。; (Aller au Japon.);3時に会う。; (Se rencontrer à 3 heures.);バスに乗る。; (Prendre le bus.)
particule_no;の (Possession);私の本。; (Mon livre.);日本の車。; (Une voiture japonaise.);友達の家。; (La maison d'un ami.);これは誰の傘ですか。; (À qui est ce parapluie ?)
no_desu;のです (Explication);実は、今日は休みなのです。; (En fait, c'est que je suis en congé aujourd'hui.);どうしたんですか。; (Qu'est-ce qu'il y a ? / Que se passe-t-il ?);遅れてすみません。電車が遅れたんです。; (Désolé d'être en retard. C'est que le train avait du retard.);このカバンが欲しいんです。; (C'est que je veux ce sac.)
particule_to;と (Citation, condition logique);こんにちは」と言う。;" (Dire ""Bonjour"".)";彼は来ると言った。; (Il a dit qu'il viendrait.);春になると、暖かくなる。; (Quand le printemps arrive, il fait chaud.);友達と遊ぶ。; (Jouer avec des amis.)
to_iu;という;田中という人。; (Une personne appelée Tanaka.);「さようなら」という意味です。;" (Cela signifie ""au revoir"".)";それは「愛」というものだ。; (C'est ce qu'on appelle l'amour.);彼は医者という職業だ。; (Il a pour profession médecin.)
to_omoimasu;と思います・どう思いますか;明日は雨だと思います。; (Je pense qu'il pleuvra demain.);彼は正しいと思う。; (Je pense qu'il a raison.);この計画についてどう思いますか。; (Que pensez-vous de ce projet ?);いいアイデアだと思います。; (Je pense que c'est une bonne idée.)
tsumori_desu;つもりです;留学するつもりです。; (J'ai l'intention d'étudier à l'étranger.);彼に話すつもりはない。; (Je n'ai pas l'intention de lui parler.);結婚するつもりだ。; (J'ai l'intention de me marier.);来年はもっと勉強するつもりだ。; (J'ai l'intention d'étudier plus l'an prochain.)
ta_koto_ga_aru;Verbe -た + ことがある;日本に行ったことがある。; (Je suis déjà allé au Japon.);すしを食べたことがありますか。; (Avez-vous déjà mangé des sushis ?);彼に会ったことがない。; (Je ne l'ai jamais rencontré.);一度だけ見たことがある。; (Je l'ai vu une seule fois.)
ta_ri_shimasu;Verbe -た + りします;週末は買い物をしたり、映画を見たりする。; (Le week-end, je fais des courses, je regarde des films, etc.);歌ったり踊ったりした。; (Nous avons chanté, dansé, etc.);暑かったり寒かったりする天気。; (Un temps tantôt chaud, tantôt froid.);彼は来たり来なかったりだ。; (Il vient parfois, parfois non.)
te_iru;Verbe -て + いる;今、本を読んでいる。; (Je suis en train de lire un livre.);彼は結婚している。; (Il est marié.);雨が降っている。; (Il pleut.);この店は閉まっている。; (Ce magasin est fermé.)
te_kara;Verbe -て + から;宿題をやってから、遊びに行く。; (J'irai jouer après avoir fait mes devoirs.);よく考えてから決める。; (Je déciderai après avoir bien réfléchi.);お風呂に入ってから寝る。; (Je dors après avoir pris un bain.);仕事が終わってから、飲みに行った。; (Après avoir fini le travail, nous sommes allés boire.)
particule_wo;を (Objet direct, lieu traversé);水を飲む。; (Boire de l'eau.);道を渡る。; (Traverser la rue.);大学を卒業する。; (Obtenir son diplôme universitaire.);毎日公園を散歩する。; (Je me promène dans le parc tous les jours.)
particule_ya;や (Liste incomplète);本やノートを買う。; (Acheter des livres, des cahiers, etc.);部屋に机や椅子がある。; (Il y a un bureau, des chaises, etc. dans la pièce.);リンゴやミカンが好きだ。; (J'aime les pommes, les mandarines, entre autres.);映画や音楽に興味がある。; (Je m'intéresse au cinéma, à la musique, etc.)
particule_yo;よ (Affirmation);大丈夫ですよ。; (Ça va, ne t'inquiète pas.);知っているよ。; (Je le sais.);それは違うよ。; (C'est faux.);早く行こうよ。; (Dépêchons-nous d'y aller.)
particule_yori;より (Point de référence);バスより電車の方が速い。; (Le train est plus rapide que le bus.);今日は昨日より寒い。; (Aujourd'hui, il fait plus froid qu'hier.);彼より私の方が背が高い。; (Je suis plus grand que lui.);考えるより行動だ。; (Plutôt que réfléchir, il faut agir.)
yori_no_ho_ga;より・の方が;コーヒーより紅茶の方が好きだ。; (Je préfère le thé au café.);夏より秋の方がいい。; (L'automne est mieux que l'été.);歩くより走る方が早い。; (Courir est plus rapide que marcher.);彼の方が上手だ。; (Lui, il est meilleur.)
amari_nai;あまり + verbe en -ない;あまりお金がない。; (Je n'ai pas beaucoup d'argent.);あまり好きじゃない。; (Je n'aime pas tellement.);彼の話はあまり面白くなかった。; (Son histoire n'était pas très intéressante.);あまり食べませんでした。; (Je n'ai pas beaucoup mangé.)
base_au;Base verbale + あう;助け合う。; (S'entraider.);話し合う。; (Discuter / Parler ensemble.);愛し合う。; (S'aimer.);競い合う。; (Être en concurrence.)
base_nagara;Base verbale + ながら;音楽を聞きながら勉強する。; (Étudier en écoutant de la musique.);歩きながら話す。; (Parler en marchant.);働きながら学校に通う。; (Aller à l'école tout en travaillant.);テレビを見ながら食事をする。; (Manger en regardant la télé.)
base_so;Base verbale + そう;雨が降りそうだ。; (On dirait qu'il va pleuvoir.);美味しそうなケーキ。; (Un gâteau qui a l'air délicieux.);彼は嬉しそうだ。; (Il a l'air heureux.);倒れそうだ。; (On dirait que ça va tomber.)
base_tsuzukeru;Base verbale + 続ける;走り続ける。; (Continuer à courir.);勉強を続ける。; (Continuer ses études.);話し続けた。; (Il a continué à parler.);探し続けるつもりだ。; (J'ai l'intention de continuer à chercher.)
base_yasui_nikui;Base verbale + やすい・にくい;このペンは書きやすい。; (Ce stylo est facile à écrire.);この説明は分かりにくい。; (Cette explication est difficile à comprendre.);壊れやすい。; (Facile à casser.);彼の名前は覚えにくい。; (Son nom est difficile à retenir.)
beki;べき;約束は守るべきだ。; (On doit tenir ses promesses.);もっと勉強すべきだった。; (J'aurais dû étudier plus.);学生は勉強するべきだ。; (Les étudiants doivent étudier.);やるべきことをやれ。; (Fais ce que tu dois faire.)
conditionnel_naraba;Conditionnel avec ならば;時間がないならば、早く始めよう。; (Si tu n'as pas le temps, commençons tôt.);行くならば教えてください。; (Si vous y allez, dites-le-moi.);必要ならば、買います。; (Si c'est nécessaire, je l'achèterai.);雨ならば、中止です。; (S'il pleut, c'est annulé.)
conditionnel_to;Conditionnel avec と;春になると桜が咲く。; (Quand le printemps arrive, les cerisiers fleurissent.);右に曲がると駅が見える。; (Si tu tournes à droite, tu verras la gare.);このボタンを押すと、音が鳴る。; (Si tu appuies sur ce bouton, ça fait du bruit.);12時を過ぎると、電車がなくなる。; (Passé minuit, il n'y a plus de train.)
conditionnel_eba;Conditionnel en -えば;お金があれば、旅行する。; (Si j'avais de l'argent, je voyagerais.);安ければ、買います。; (Si c'est bon marché, je l'achète.);時間があれば、手伝います。; (Si j'ai le temps, je vous aiderai.);天気がよければ、出かけよう。; (Si le temps est bon, sortons.)
conditionnel_tara;Conditionnel en -たら;宿題が終わったら、遊べる。; (Tu pourras jouer quand tu auras fini tes devoirs.);東京に着いたら、連絡してください。; (Quand vous arriverez à Tokyo, contactez-moi.);もし宝くじに当たったら、家を買う。; (Si je gagnais à la loterie, j'achèterais une maison.);暇だったら、来てください。; (Si vous êtes libre, venez.)
dake_shika_nomi;だけ・しか・のみ;水だけ飲んだ。; (Je n'ai bu que de l'eau.);100円しか持っていない。; (Je n'ai que 100 yens.);英語のみ話せる。; (Il ne parle qu'anglais.);彼にだけ話した。; (Je ne l'ai dit qu'à lui.)
conjecturale_to_suru;Forme conjecturale + とする;ドアを開けようとした。; (J'ai essayé d'ouvrir la porte.);彼に話そうとしたが、できなかった。; (J'ai essayé de lui parler, mais je n'ai pas pu.);逃げようとする犯人。; (Un criminel qui tente de s'enfuir.);問題を解決しようとする。; (Essayer de résoudre un problème.)
forme_areru;Forme en -あれる (Passif);先生に褒められた。; (J'ai été félicité par le professeur.);弟にパソコンを壊された。; (Mon petit frère a cassé mon ordinateur [et j'en subis les conséquences].);この歌は多くの人に愛されている。; (Cette chanson est aimée par beaucoup de gens.);雨に降られた。; (J'ai été pris sous la pluie.)
forme_aseru_saseru;Forme en -あせる・させる (Causatif);子供に野菜を食べさせる。; (Faire manger des légumes à l'enfant.);母は私を買い物に行かせた。; (Ma mère m'a fait aller faire des courses.);部下に報告書を書かせる。; (Faire écrire un rapport à un subordonné.);学生に考えさせる。; (Laisser/Faire réfléchir les élèves.)
forme_eru_rareru;Forme en -える・られる (Potentiel);日本語が話せる。; (Je peux parler japonais.);一人で行ける。; (Je peux y aller seul.);明日は来られません。; (Je ne pourrai pas venir demain.);この水は飲めない。; (On ne peut pas boire cette eau.)
forme_nasai;Forme en -なさい;早く寝なさい。; (Va dormir tôt.);静かにしなさい。; (Sois silencieux.);ちゃんと食べなさい。; (Mange correctement.);ここに座りなさい。; (Assieds-toi ici.)
forme_saserareru;Forme en -させられる・あせられる;嫌いなピーマンを食べさせられた。; (On m'a forcé à manger le poivron que je déteste.);毎日残業させられる。; (Je suis obligé de faire des heures sup tous les jours.);子供の頃、ピアノを習わされた。; (Quand j'étais enfant, on m'a forcé à prendre des leçons de piano.);父に手伝わされた。; (Mon père m'a fait l'aider [contre mon gré].)
forme_zuni_naide;Forme en -ずに・ないで;朝ごはんを食べずに学校へ行った。; (Je suis allé à l'école sans prendre le petit-déjeuner.);辞書を使わないで読んでみた。; (J'ai essayé de lire sans utiliser de dictionnaire.);傘を持たずに出かけた。; (Je suis sorti sans prendre de parapluie.);休まずに働く。; (Travailler sans se reposer.)
forme_conjecturale;Forme en -おう・よう・ましょう;一緒に行こう。; (Allons-y ensemble.);勉強しよう。; (Je vais étudier.);コーヒーを飲みましょうか。; (Si on prenait un café ?);手伝おうか。; (Je vais t'aider ?)
garu;がる;寒がる。; (Avoir l'air d'avoir froid / Se plaindre du froid.);子供がおもちゃを欲しがっている。; (L'enfant veut le jouet [et le montre].);彼女は一人でいるのを嫌がる。; (Elle n'aime pas être seule.);嬉しがる。; (Avoir l'air ravi.)
hazu;はず;彼はもう着いているはずだ。; (Il devrait déjà être arrivé.);確かめたから、間違いないはずです。; (J'ai vérifié, donc ça ne devrait pas être une erreur.);約束したから、来るはずだ。; (Il a promis, donc il devrait venir.);これは彼女の本のはずだ。; (Ce devrait être son livre à elle.)
hoshii;ほしい;新しいパソコンがほしい。; (Je veux un nouvel ordinateur.);時間がほしい。; (Je veux du temps.);何がほしいですか。; (Que voulez-vous ?);君に本当のことを話してほしい。; (Je veux que tu me dises la vérité.)
ka_do_ka;かどうか;行くかどうか分からない。; (Je ne sais pas si j'y vais ou non.);本当かどうか確かめる。; (Vérifier si c'est vrai ou non.);できるかどうかやってみる。; (Essayer pour voir si c'est possible ou non.);彼が来るかどうか聞いた。; (J'ai demandé s'il viendrait ou non.)
keigo_bases;Keigo (Formes de base);いらっしゃる; (aller/venir/être - respectueux);おっしゃる; (dire – respectueux);拝見する ;(voir/regarder – humble);申す ;(dire - humble)
ki_ni_suru_naru;気にする・気になる;彼は人の目を気にする。; (Il se soucie du regard des autres.);失敗を気にしないで。; (Ne te préoccupe pas de l'échec.);あの音が気になる。; (Ce bruit me préoccupe / m'intrigue.);彼女の健康が気になる。; (Je suis inquiet pour sa santé.)
koto_ni_suru_naru_kimeru;ことにする・ことになる;明日からジョギングすることにした。; (J'ai décidé de faire du jogging à partir de demain.);来月、出張することになった。; (Il a été décidé que je partirai en déplacement le mois prochain.);たばこをやめることに決めた。; (J'ai décidé d'arrêter de fumer.);会議は中止ということになった。; (Il a été décidé d'annuler la réunion.)
ni_yotte_yoruto_yoreba;によって・によると;天気予報によると、雨だ。; (D'après la météo, il va pleuvoir.);法律によって決められている。; (C'est fixé par la loi.);人によって考え方が違う。; (La façon de penser diffère selon les personnes.);先生の意見では、それが正しい。; (Selon l'avis du professeur, c'est correct.)
noni;のに;熱があるのに、出勤した。; (Il est allé travailler bien qu'il ait de la fièvre.);頑張ったのに、失敗した。; (J'ai échoué malgré mes efforts.);静かにするように言ったのに…。; (Pourtant, j'avais dit de se taire...);このくつは走るのには向いていない。; (Ces chaussures ne sont pas adaptées pour courir.)
rashii;らしい (Rumeur);彼は結婚するらしい。; (Il paraît qu'il va se marier.);あの店はおいしいらしい。; (Il paraît que ce restaurant est bon.);雨らしいよ。; (On dirait qu'il va pleuvoir.);彼女は先生らしい。; (Elle a l'air d'une enseignante / On dit qu'elle est enseignante.)
shi;し;彼は頭もいいし、スポーツも得意だ。; (Il est intelligent et bon en sport.);天気もいいし、散歩に行こう。; (Il fait beau, et puis, allons nous promener.);お金もないし、時間もない。; (Je n'ai pas d'argent, ni de temps.);駅から近いし、静かだし、このアパートはいい。; (Cet appartement est bien : il est proche de la gare et calme.)
suru_adjectif;する;部屋をきれいにする。; (Nettoyer la pièce.);音を大きくする。; (Augmenter le volume.);子供を医者にする。; (Faire de son enfant un médecin.);気持ちを落ち着かせる。; (Se calmer / Calmer ses sentiments.)
toki_ni;ときに;若いときによく旅行した。; (Quand j'étais jeune, je voyageais souvent.);困ったときは連絡してください。; (Quand vous êtes en difficulté, contactez-moi.);食事をするとき、「いただきます」と言う。;"(Quand on mange, on dit ""Itadakimasu"".)";彼に会ったとき、そのことを話そう。; (Quand je le verrai, je lui en parlerai.)
ta_bakari;Verbe -た + ばかり;日本に来たばかりです。; (Je viens juste d'arriver au Japon.);食事をしたばかりだ。; (Je viens juste de manger.);起きたばかりで、まだ眠い。; (Je viens juste de me réveiller, j'ai encore sommeil.);買ったばかりの服。; (Un vêtement que je viens d'acheter.)
ta_ra_do_desu_ka;Verbe -た + ら + どうですか;医者に行ったらどうですか。; (Et si vous alliez chez le médecin ?);もう一度やってみたらどうですか。; (Pourquoi n'essayez-vous pas encore une fois ?);彼に直接聞いてみたら？ ;(Et si tu lui demandais directement ?);休んだらどう？ ;(Si tu te reposais ?)
te_ageru_sashiageru_yaru;Verbe -て + あげる・さしあげる・やる;弟に本を読んであげた。; (J'ai lu un livre à mon petit frère.);先生にお持ちしましょうか。; (Voulez-vous que je vous le porte, professeur ?);犬に餌をやってください。; (Donne à manger au chien, s'il te plaît.);友達を手伝ってあげる。; (Je vais aider mon ami.)
te_aru;Verbe -て + ある;窓が開けてある。; (La fenêtre est ouverte [quelqu'un l'a ouverte intentionnellement].);予約がしてあります。; (Une réservation a été faite [et c'est en place].);名前が書いてある。; (Le nom est écrit.);冷蔵庫にビールが冷やしてある。; (Il y a de la bière mise au frais dans le frigo.)
te_bakari_iru;Verbe -て + ばかりいる;彼はゲームをしてばかりいる。; (Il ne fait que jouer aux jeux vidéo.);文句を言ってばかりいないで。; (Arrête de te plaindre tout le temps.);食べてばかりいると太るよ。; (Si tu ne fais que manger, tu vas grossir.);寝てばかりいる日。; (Un jour où je ne fais que dormir.)
te_itadakemasen_ka;Verbe -て + いただけませんか;ここにサインしていただけませんか。; (Pourriez-vous signer ici, s'il vous plaît ?);もう一度説明していただけませんか。; (Pourriez-vous expliquer une fois de plus ?);お名前を教えていただけませんか。; (Pourriez-vous me dire votre nom ?);ドアを閉めていただけませんか。; (Pourriez-vous fermer la porte ?)
te_kuremasen_ka;Verbe -て + くれませんか;ドアを閉めてくれませんか。; (Tu peux fermer la porte ?);手伝ってくれませんか。; (Tu peux m'aider ?);ここで待ってくれませんか。; (Tu peux attendre ici ?);電話をかけてくれませんか。; (Tu peux téléphoner ?)
te_kureru_kudasaru;Verbe -て + くれる・くださる;友達が手伝ってくれた。; (Un ami m'a aidé.);先生が推薦状を書いてくださいました。; (Le professeur a bien voulu m'écrire une lettre de recommandation.);母がセーターを編んでくれた。; (Ma mère m'a tricoté un pull.);彼が教えてくれた。; (C'est lui qui me l'a dit.)
te_miru;Verbe -て + みる;食べてみる。; (Goûter pour voir.);着てみてもいいですか。; (Puis-je essayer de le mettre ?);やってみよう。; (Essayons.);読んでみたが、難しかった。; (J'ai essayé de lire, mais c'était difficile.)
te_mo;Verbe -て + も;雨が降っても行く。; (J'irai même s'il pleut.);高くても買います。; (Je l'achèterai même si c'est cher.);何回やってもできない。; (Même si j'essaie plusieurs fois, je n'y arrive pas.);説明しても分からない。; (Même si j'explique, il ne comprend pas.)
te_morau_itadaku;Verbe -て + もらう・いただく;友達に本を貸してもらった。; (J'ai fait en sorte qu'un ami me prête un livre.);先生に推薦状を書いていただいた。; (J'ai reçu la faveur du professeur qui a écrit une lettre de recommandation.);医者に見てもらう。; (Se faire examiner par un médecin.);修理してもらう。; (Le faire réparer par quelqu'un.)
te_oku;Verbe -て + おく;明日のために準備しておく。; (Je vais préparer à l'avance pour demain.);ドアを開けておいてください。; (Laissez la porte ouverte, s'il vous plaît.);ビールを冷やしておく。; (Mettre la bière au frais à l'avance.);予約をしておいた方がいい。; (Il vaut mieux réserver à l'avance.)
te_shimau;Verbe -て + しまう;ケーキを全部食べてしまった。; (J'ai mangé tout le gâteau.);約束を忘れてしまった。; (J'ai complètement oublié le rendez-vous.);電車に傘を忘れてしまった。; (J'ai laissé mon parapluie dans le train, par inadvertance.);宿題をやってしまおう。; (Finissons une bonne fois pour toutes ces devoirs.)
te_sumimasen;Verbe -て + すみません;遅れてすみません。; (Je suis désolé d'être en retard.);お待たせしてすみません。; (Désolé de vous avoir fait attendre.);間違えてしまってすみません。; (Je suis désolé de m'être trompé.);邪魔してすみません。; (Désolé de vous déranger.)
te_yokatta;Verbe -て + よかった;勉強しておいてよかった。; (Je suis content d'avoir étudié à l'avance.);君に会えてよかった。; (Je suis content de t'avoir rencontré.);傘を持ってきてよかった。; (Heureusement que j'ai pris un parapluie.);聞いてみてよかった。; (Je suis content d'avoir demandé.)
yo_ni_suru_naru;ようにする・ようになる;毎日運動するようにしている。; (Je fais en sorte de faire de l'exercice tous les jours.);日本語が話せるようになりたい。; (Je veux arriver au point de parler japonais.);早起きするようにする。; (Je vais essayer de me lever tôt.);彼はお酒を飲まなくなった。; (Il en est arrivé à ne plus boire d'alcool.)
base_gachi;Base verbale + がち;彼は遅刻しがちだ。; (Il a tendance à être en retard.);冬は風邪を引きがちだ。; (En hiver, on a tendance à attraper froid.);彼女は病気がちだ。; (Elle est souvent malade.);忘れがちなこと。; (Une chose qu'on a tendance à oublier.)
base_kireru_kirenai;Base verbale + きれる・きれない;このケーキは一人で食べきれない。; (Je ne peux pas manger tout ce gâteau seul.);言いきれない気持ち。; (Un sentiment qu'on ne peut exprimer entièrement.);使いきる。; (Utiliser complètement.);読みきれなかった。; (Je n'ai pas pu lire jusqu'au bout.)
base_kkonai;Base verbale + っこない;そんなことありっこない。; (Une telle chose est impossible.);彼に勝てっこない。; (Il n'y a aucune chance que je le batte.);わかってくれっこない。; (Il n'y a pas moyen qu'il me comprenne.);忘れっこないよ。; (Je n'oublierai absolument pas.)
base_shidai;Base verbale + 次第;結果がわかり次第、連絡します。; (Dès que je connaîtrai les résultats, je vous contacterai.);仕事が終わり次第、帰ります。; (Dès que mon travail sera fini, je rentre.);着き次第、電話する。; (Dès mon arrivée, je téléphonerai.);天候が回復し次第、出発する。; (Dès que le temps s'améliorera, nous partirons.)
base_yo_ga_nai;Base verbale + ようがない;連絡の取りようがない。; (Il n'y a aucun moyen de le contacter.);言いようがないほど美しい。; (D'une beauté indescriptible.);直しようがない。; (Il n'y a pas moyen de le réparer.);比べようがない。; (Il n'y a pas moyen de comparer.)
darake;だらけ;間違いだらけの作文。; (Une rédaction pleine de fautes.);泥だらけの靴。; (Des chaussures couvertes de boue.);彼は借金だらけだ。; (Il est criblé de dettes.);傷だらけのテーブル。; (Une table toute rayée.)
dokoro_ka;どころか;休むどころか、残業した。; (Loin de me reposer, j'ai fait des heures sup.);涼しいどころか、暑い。; (Il fait chaud, loin d'être frais.);1000円どころか、100円もない。; (Je n'ai même pas 100 yens, loin d'en avoir 1000.);褒められるどころか、怒られた。; (Loin d'être félicité, je me suis fait gronder.)
ha_motoyori_mochiron;はもちろん;日本語はもちろん、英語も話せる。; (Il parle bien sûr japonais, mais aussi anglais.);大人はもちろん、子供も楽しめる。; (Les adultes bien sûr, mais les enfants aussi peuvent en profiter.);国内はもちろん、海外でも有名だ。; (Célèbre bien sûr au Japon, mais aussi à l'étranger.);彼はスポーツはもちろん、勉強もできる。; (Il est bon en sport bien sûr, mais aussi en études.)
ippo_da;一方だ;人口は増える一方だ。; (La population ne fait qu'augmenter.);物価は上がる一方だ。; (Les prix ne font qu'augmenter.);仕事は忙しくなる一方です。; (Le travail ne fait que devenir plus chargé.);彼の病状は悪化する一方だった。; (Son état n'a fait qu'empirer.)
kara_ni_kakete;から～にかけて;今夜から明日の朝にかけて雨が降る。; (Il pleuvra de ce soir à demain matin.);春から夏にかけての景色。; (Le paysage du printemps à l'été.);北陸から東北にかけて大雪。; (De fortes chutes de neige de la région de Hokuriku à celle de Tohoku.);11月から3月にかけてが繁忙期だ。; (La période de novembre à mars est la plus chargée.)
kawari_ni;代わりに;今日は母の代わりに私が料理を作る。; (Aujourd'hui, je cuisine à la place de ma mère.);英語を教えてもらう代わりに、日本語を教えてあげる。; (En échange de ce que tu m'apprennes l'anglais, je t'apprends le japonais.);肉の代わりに豆腐を使う。; (Utiliser du tofu à la place de la viande.);彼が代わりに行く。; (Il ira à ma place.)
koso;こそ;こちらこそよろしく。; (C'est moi qui vous le dis.);今こそチャンスだ。; (C'est maintenant que c'est le moment.);彼こそリーダーにふさわしい。; (C'est lui précisément qui est digne d'être leader.);努力こそが成功の鍵だ。; (L'effort est précisément la clé du succès.)
kuseni;くせに;知っているくせに、教えてくれない。; (Il ne me le dit pas, alors qu'il le sait.);大人のくせに、子供みたいだ。; (Pour un adulte, il fait vraiment enfant.);金持ちのくせに、けちだ。; (Bien que riche, il est radin.);できないくせに、偉そうなことを言う。; (Il dit des choses prétentieuses alors qu'il n'est pas capable.)
mono_n3;もの;だって、疲れているんですもの。; (Mais parce que je suis fatiguée !);子供ですもの、仕方ないよ。; (C'est un enfant, alors c'est normal.);寒いんだもの、窓を閉めて。; (J'ai froid, alors ferme la fenêtre.);彼に会いたいんですもの。; (Mais parce que je veux le voir !)
nagara_mo;ながらも;若いながらも、経験豊かだ。; (Bien que jeune, il est expérimenté.);狭いながらも楽しい我が家。; (Notre maison, bien que petite, est joyeuse.);お金がなくながらも、幸せに暮らしている。; (Ils vivent heureux bien qu'ils n'aient pas d'argent.);素人ながらも、プロ並みの腕前だ。; (Bien qu'amatrice, elle a un talent de professionnelle.)
ni_kagitte;に限って;彼に限ってそんなことはしない。; (Lui, particulièrement, ne ferait pas une telle chose.);大切な日に限って雨が降る。; (Il pleut particulièrement les jours importants.);私が留守のときに限って友達が訪ねてくる。; (Mes amis viennent me voir particulièrement quand je suis absent.);ここに限って安全だ。; (C'est particulièrement ici que c'est sûr.)
ni_kan_shite;に関して;この問題に関して意見を述べる。; (Exprimer son opinion concernant ce problème.);プロジェクトに関しての資料。; (Des documents concernant le projet.);事件に関して何も知らない。; (Je ne sais rien concernant l'affaire.);彼の業績に関しての記事。; (Un article concernant ses réalisations.)
ni_kawatte_kawari;に変わって・にかわり;父に変わってご挨拶申し上げます。; (Je vous salue à la place de mon père.);部長にかわり、私が説明します。; (Je vais expliquer à la place du chef de service.);紙に変わって、電子媒体が使われる。; (Les supports électroniques sont utilisés au lieu du papier.);彼女に変わって試合に出る。; (Je vais jouer le match à sa place.)
ni_kimatte_iru;に決まっている;そんなこと、嘘に決まっている。; (Une telle chose, c'est forcément un mensonge.);彼が勝つに決まっている。; (C'est certain qu'il va gagner.);そんな計画、失敗するに決まっている。; (Un tel plan est voué à l'échec, c'est sûr.);高いに決まっている。; (C'est forcément cher.)
ni_kurabete;に比べて;去年に比べて、売り上げが伸びた。; (Comparé à l'année dernière, le chiffre d'affaires a augmenté.);男性に比べて女性の方が長生きだ。; (Les femmes vivent plus longtemps que les hommes.);他の店に比べて安い。; (C'est moins cher comparé aux autres magasins.);姉に比べて弟は背が低い。; (Comparé à sa sœur, le frère est petit.)
ni_kuwaete;に加えて;大雨に加えて、強風も吹いている。; (En plus de la forte pluie, il y a du vent fort.);仕事に加えて家事もこなす。; (En plus du travail, elle s'occupe des tâches ménagères.);彼は英語に加えてフランス語も話せる。; (En plus de l'anglais, il parle français.);値上がりに加えて、品不足も問題だ。; (En plus de la hausse des prix, la pénurie est un problème.)
ni_taishite;に対して;彼は誰に対しても親切だ。; (Il est gentil avec tout le monde.);先生に対して失礼な態度を取る。; (Avoir une attitude irrespectueuse envers le professeur.);質問に対して答える。; (Répondre à une question.);その意見に対して反対する。; (S'opposer à cette opinion.)
ni_totte;にとって;私にとって家族は大切だ。; (Pour moi, la famille est importante.);子供にとって遊びは勉強だ。; (Pour les enfants, jouer, c'est apprendre.);彼にとっては簡単な問題だった。; (Pour lui, c'était un problème simple.);会社にとって利益は重要だ。; (Pour une entreprise, le profit est important.)
ni_tsuke_tsukete_tsuitemo;につけ;彼の姿を見るにつけ、昔を思い出す。; (Chaque fois que je le vois, je me souviens du passé.);何事につけても努力が大切だ。; (Dans tous les cas, l'effort est important.);雨につけ風につけ、彼のことを思う。; (Qu'il pleuve ou qu'il vente, je pense à lui.);彼女の声を聞くにつけ、心が落ち着く。; (Chaque fois que j'entends sa voix, mon cœur s'apaise.)
okage_de;おかげで;先生のおかげで合格できた。; (Grâce au professeur, j'ai pu réussir.);あなたのおかげで助かった。; (Grâce à toi, j'ai été sauvé.);天気のおかげでいい一日になった。; (Grâce au temps, c'était une bonne journée.);最新技術のおかげで生活が便利になった。; (Grâce aux dernières technologies, la vie est devenue pratique.)
sae_eb;さえ + verbe -えば;お金さえあれば、何でもできる。; (Si seulement j'avais de l'argent, je pourrais tout faire.);あなたさえそばにいてくれれば幸せです。; (Si seulement tu es à mes côtés, je serai heureux.);練習さえすれば上手になる。; (Si seulement tu t'entraînes, tu deviendras bon.);時間さえあれば、旅行に行きたい。; (Si seulement j'avais le temps, j'aimerais voyager.)
seide;せいで;雨のせいで試合が中止になった。; (À cause de la pluie, le match a été annulé.);あなたのせいで私は怒られた。; (C'est à cause de toi que je me suis fait gronder.);風邪のせいで頭が痛い。; (J'ai mal à la tête à cause de mon rhume.);騒音のせいで勉強に集中できない。; (À cause du bruit, je ne peux pas me concentrer sur mes études.)
tabi_ni;度に;会う度に彼は成長している。; (Chaque fois que je le vois, il a grandi.);この曲を聞く度に昔を思い出す。; (Chaque fois que j'écoute cette chanson, je me souviens du passé.);失敗する度に学ぶ。; (On apprend à chaque échec.);彼は試合の度に新しい技を見せる。; (À chaque match, il montre une nouvelle technique.)
tatoe_te_mo;たとえ + verbe -て + も;たとえお金がなくても幸せになれる。; (Même si on n'a pas d'argent, on peut être heureux.);たとえ世界中に反対されても、私は信じる。; (Même si le monde entier s'y oppose, je crois.);たとえ失敗しても、また挑戦する。; (Même si j'échoue, je réessaierai.);たとえ遠く離れていても、心はそばにいる。; (Même si nous sommes loin l'un de l'autre, nos cœurs sont proches.)
to_ieba;と言えば;日本と言えば、桜だ。; (En parlant du Japon, c'est les cerisiers.);彼と言えば、最近見かけないね。; (En parlant de lui, on ne le voit plus beaucoup récemment.);夏と言えば、海だ。; (En parlant de l'été, c'est la mer.);京都と言えば、お寺だ。; (En parlant de Kyoto, ce sont les temples.)
to_ittara;と言ったら;その景色の美しさと言ったら！ ;(La beauté de ce paysage, c'est incroyable !);彼の驚きようと言ったら、口がきけなかった。; (Son air surpris, il en était muet.);あの店の料理のおいしさと言ったら！; (La saveur des plats de ce restaurant, c'est inimaginable !);混雑と言ったら、身動きが取れなかった。; (La foule était telle qu'on ne pouvait plus bouger.)
to_iu_to;と言うと;先生と言うと、厳しいイメージがある。; (Quand on parle de professeur, on a une image sévère.);沖縄と言うと、青い海を思い浮かべる。; (Quand on parle d'Okinawa, on imagine une mer bleue.);彼の名前と言うと、誰も知らない。; (Si tu dis son nom, personne ne le connaît.);「愛」と言うと、何を思いますか。;" (Quand je dis ""amour"", à quoi pensez-vous ?)"
tokoro_he_ni_wo;ところへ・ところに;出かけようとしたところへ、電話がかかってきた。; (Alors que j'allais sortir, le téléphone a sonné.);いいところに来たね。ちょうど今お茶を入れていたところだ。; (Tu arrives au bon moment. Je venais justement de faire du thé.);彼が帰ってきたところに、彼女が訪ねてきた。; (Au moment où il rentrait, elle est venue le voir.);寝ようとしたところを邪魔された。; (J'ai été dérangé au moment où j'allais dormir.)
toori_ni_doori_ni;通りに・どおりに;説明の通りに組み立てる。; (Assembler comme expliqué.);予想通りにうまくいった。; (Ça a bien marché comme prévu.);計画通りに進める。; (Avancer comme prévu.);マニュアル通りに操作する。; (Opérer conformément au manuel.)
toshite;として;留学生として日本に来た。; (Je suis venu au Japon en tant qu'étudiant étranger.);趣味としてピアノを習っている。; (J'apprends le piano comme hobby.);代表として挨拶する。; (Saluer en tant que représentant.);彼は医者としても研究者としても有名だ。; (Il est célèbre en tant que médecin et en tant que chercheur.)
tsuide_ni;ついでに;買い物のついでに図書館に寄った。; (En allant faire des courses, je me suis arrêté à la bibliothèque.);散歩のついでにパンを買ってくる。; (En allant me promener, je vais acheter du pain.);銀行に行くついでに、この手紙を出してくれませんか。; (En allant à la banque, pourrais-tu poster cette lettre ?);仕事で出張したついでに観光した。; (J'ai fait du tourisme en profitant d'un déplacement professionnel.)
uchi_ni;うちに;熱いうちに食べてください。; (Mangez tant que c'est chaud.);明るいうちに帰ろう。; (Rentrons avant qu'il fasse nuit.);若いうちにいろいろ経験した方がいい。; (Il vaut mieux faire diverses expériences tant qu'on est jeune.);彼が来ないうちに、準備をしておこう。; (Préparons avant qu'il n'arrive.)
ta_tokoro;Verbe -た + ところ;先生に聞いてみたところ、すぐに教えてくれた。; (Quand j'ai demandé au professeur, il me l'a dit tout de suite.);ドアを開けたところ、誰もいなかった。; (Quand j'ai ouvert la porte, il n'y avait personne.);電話をかけたところ、留守だった。; (Quand j'ai téléphoné, il n'était pas là.);食べてみたところ、意外においしかった。; (Quand j'ai goûté, c'était étonnamment bon.)
ta_totan;Verbe -た + とたん;ドアを開けたとたん、猫が飛び出した。; (Dès que j'ai ouvert la porte, le chat s'est échappé.);彼女はそれを見たとたん、叫び出した。; (Dès qu'elle a vu cela, elle s'est mise à crier.);外に出たとたん、雨が降り出した。; (Dès que je suis sorti, il s'est mis à pleuvoir.);彼は私の顔を見たとたん、逃げ出した。; (Dès qu'il m'a vu, il a pris la fuite.)
te_irai;Verbe -て + 以来;日本に来て以来、寿司が好きになった。; (Depuis que je suis venu au Japon, j'aime les sushis.);あの事件以来、彼は変わった。; (Depuis cet incident, il a changé.);卒業して以来、彼女には会っていない。; (Je ne l'ai pas revue depuis que nous avons obtenu notre diplôme.);結婚して以来、ずっと幸せだ。; (Je suis heureux depuis que je me suis marié.)
wake_deha_nai;わけではない;嫌いなわけではないが、あまり食べない。; (Ce n'est pas que je n'aime pas ça, mais je n'en mange pas beaucoup.);彼が悪いわけではない。; (Ce n'est pas qu'il ait tort.);全てが終わったわけではない。; (Tout n'est pas fini.);できないわけではないが、時間がかかる。; (Ce n'est pas que je ne peux pas, mais ça prend du temps.)
wo_chushin_ni;を中心に;地球は太陽を中心に回っている。; (La Terre tourne autour du Soleil.);この町は駅を中心に発展した。; (Cette ville s'est développée autour de la gare.);彼を中心にチームがまとまった。; (L'équipe s'est unie autour de lui.);この議論を中心に話を進めよう。; (Faisons avancer la discussion en nous centrant sur ce débat.)
wo_hajime_hajime_to_suru;をはじめ;東京をはじめ、大阪や名古屋などの大都市。; (Les grandes villes telles que Tokyo, mais aussi Osaka, Nagoya, etc.);社長をはじめ、社員一同。; (Le président, ainsi que tous les employés.);このレストランはパスタをはじめ、様々なイタリア料理が楽しめる。; (Ce restaurant permet de savourer diverses spécialités italiennes, à commencer par les pâtes.);彼は英語をはじめ、三か国語を話す。; (Il parle trois langues, à commencer par l'anglais.)
wo_nuki_ni_shite_ha_nuki_ni_shite;を抜きにして;彼を抜きにしてはこのプロジェクトは語れない。; (On ne peut pas parler de ce projet sans lui.);冗談は抜きにして、真剣に考えよう。; (Sans plaisanter, réfléchissons sérieusement.);彼の助けを抜きにしては成功できなかった。; (Je n'aurais pas pu réussir sans son aide.);お酒抜きのパーティー。; (Une fête sans alcool.)
yo_ni_n3;ように;風邪を引かないように気をつけて。; (Fais attention à ne pas attraper froid.);忘れ物をしないようにメモを取る。; (Je prends des notes pour ne rien oublier.);彼は鳥のように空を飛びたいと言った。; (Il a dit qu'il voulait voler dans le ciel comme un oiseau.);彼女はまるで何も知らないように振る舞った。; (Elle a agi comme si elle ne savait rien.)
ageku_ni;あげくに;長時間議論したあげく、結論が出なかった。; (Après avoir discuté longtemps, nous n'avons abouti à aucune conclusion.);悩んだあげく、彼に相談することにした。; (Après m'être inquiété, j'ai décidé de lui en parler.);さんざん迷ったあげく、一番高いのを買った。; (Après avoir hésité longtemps, j'ai acheté le plus cher.);無理をしたあげく、病気になってしまった。; (Après avoir forcé, je suis tombé malade.)
amari_excessif;あまり;嬉しさのあまり、飛び上がった。; (Je sautai de joie, tant j'étais heureux.);驚きのあまり、声も出なかった。; (Je restai sans voix, tant j'étais surpris.);彼は忙しさのあまり、食事を忘れる。; (Il oublie de manger tellement il est occupé.);悲しみのあまり、泣き続けた。; (Elle pleura sans cesse, submergée par la tristesse.)
bakari_ka_bakari_de_naku;ばかりか・ばかりでなく;彼は英語ばかりか、フランス語も話せる。; (Non seulement il parle anglais, mais aussi français.);雨が降ったばかりか、風も強かった。; (Non seulement il a plu, mais en plus le vent était fort.);この車はデザインがいいばかりでなく、性能も優れている。; (Cette voiture a non seulement un bon design, mais aussi des performances supérieures.);彼は自分が困っているばかりか、他人にも迷惑をかけている。; (Non seulement il est lui-même dans le pétrin, mais en plus il dérange les autres.)
base_gatai;Base verbale + がたい;信じがたい話だ。; (Une histoire difficile à croire.);得がたい機会。; (Une occasion rare [difficile à obtenir].);彼の気持ちは理解しがたい。; (Ses sentiments sont difficiles à comprendre.);耐えがたい痛み。; (Une douleur insupportable.)
base_gimi;Base verbale + ぎみ;最近疲れ気味だ。; (Je me sens un peu fatigué ces derniers temps.);風邪気味で、のどが痛い。; (Je crois que j'ai un peu un rhume, j'ai mal à la gorge.);彼は太り気味だ。; (Il a un peu tendance à prendre du poids.);仕事が遅れ気味なので、心配だ。; (Le travail a un peu de retard, donc je suis inquiet.)
base_kakeru;Base verbale + かける;仕事をやりかけたところに、電話が鳴った。; (Le téléphone a sonné alors que j'avais à peine commencé le travail.);彼は何か言いかけてやめた。; (Il a commencé à dire quelque chose, puis s'est arrêté.);食べかけのリンゴ。; (Une pomme à moitié mangée.);読みかけた本が机の上にある。; (Le livre que j'ai commencé à lire est sur le bureau.)
base_kanenai;Base verbale + かねない;そんなことを言えば、誤解を招きかねない。; (Si tu dis une telle chose, cela risque de provoquer un malentendu.);無理をすると、病気になりかねない。; (Si tu forces, tu risques de tomber malade.);その計画は失敗しかねない。; (Ce plan risque d'échouer.);彼はそんなことをしでかしかねない。; (Il est capable de faire une telle chose.)
base_kaneru;Base verbale + かねる;そのようなご意見には賛成しかねます。; (Je ne peux me résoudre à approuver une telle opinion.);その要求には応じかねる。; (Je ne peux pas accepter cette demande.);その場での判断はいたしかねます。; (Je ne peux prendre de décision sur place.);私にはわかりかねます。; (Je ne parviens pas à comprendre.)
base_kiru;Base verbale + きる;この仕事を一人でやりきった。; (J'ai fait ce travail tout seul jusqu'au bout.);言いきる。; (Dire catégoriquement.);走りきる。; (Courir jusqu'au bout.);彼は全てを使いきってしまった。; (Il a tout utilisé jusqu'à la dernière goutte.)
base_nuku;Base verbale + ぬく;最後まで走りぬいた。; (J'ai couru jusqu'au bout.);考えぬいて出した結論だ。; (C'est une conclusion à laquelle j'ai abouti après avoir réfléchi à fond.);戦いぬく。; (Se battre jusqu'au bout.);苦しみぬいた末の成功。; (Un succès obtenu après avoir beaucoup souffert.)
base_uru_enai;Base verbale + うる・える;それはありうる話だ。; (C'est une chose qui peut se produire.);彼がそんなことをするなんて、ありえない。; (C'est impossible qu'il fasse une telle chose.);考えうる全ての可能性。; (Toutes les possibilités envisageables.);それは起こりえない事故だ。; (C'est un accident qui ne peut pas se produire.)
dake_quantite;だけ (Autant que);あるだけのお金を使った。; (J'ai utilisé tout l'argent que j'avais.);できるだけ早く来てください。; (Venez le plus tôt possible.);欲しいだけ取ってください。; (Prenez-en autant que vous voulez.);彼は言えるだけのことは言った。; (Il a dit tout ce qu'il pouvait dire.)
dake_atte;だけあって;彼は日本に長く住んでいるだけあって、日本語が上手だ。; (Comme on pouvait s'y attendre de quelqu'un qui a longtemps vécu au Japon, il parle bien japonais.);オリンピック選手だけあって、彼の動きは速い。; (Comme on peut l'attendre d'un athlète olympique, ses mouvements sont rapides.);ここは一流ホテルだけあって、サービスがすばらしい。; (Comme on peut s'y attendre d'un hôtel de luxe, le service est excellent.);彼女は歌手だけあって、歌がうまい。; (Comme on peut s'y attendre d'une chanteuse, elle chante bien.)
dake_ni;だけに;期待が大きかっただけに、失望も大きい。; (D'autant plus que les attentes étaient grandes, la déception l'est aussi.);彼は苦労しただけに、人の痛みがわかる。; (D'autant plus qu'il a souffert, il comprend la douleur des autres.);普段は健康なだけに、病気のときは弱ってしまう。; (D'autant plus qu'on est en bonne santé d'habitude, on est faible quand on est malade.);彼女は慎重なだけに、失敗が少ない。; (D'autant plus qu'elle est prudente, elle fait peu d'erreurs.)
dokoro_deha_nai_naku;どころではない・どころではなく;仕事が忙しくて、旅行どころではない。; (Je suis trop occupé par le travail pour penser à voyager.);今は悲しんでいて、笑っているどころではない。; (Je suis trop triste pour rire maintenant.);食事どころではなく、立ちっぱなしだった。; (Loin de pouvoir manger, je suis resté debout tout le temps.);彼は遊ぶどころではなく、勉強に励んでいる。; (Loin de jouer, il s'efforce d'étudier.)
conjecturale_deha_nai_ka;Forme conjecturale + ではないか;そろそろ出発しようではないか。; (Si nous partions bientôt ?);もう一度考えてみようではないか。; (Pourquoi ne pas réfléchir encore une fois ?);彼に聞いてみようではないか。; (Et si on lui demandait ?);一緒にやろうじゃないか。; (Pourquoi ne pas le faire ensemble ?)
ge;げ;彼は悲しげな顔をしていた。; (Il avait un air triste.);得意げに話す。; (Parler d'un air satisfait.);彼女は何か言いたげだった。; (Elle avait l'air de vouloir dire quelque chose.);不安げな目つき。; (Un regard inquiet.)
ha_tomokaku;はともかく;値段はともかく、質が問題だ。; (Le prix mis à part, c'est la qualité qui pose problème.);過去はともかく、今が大切だ。; (Le passé laissons-le de côté, c'est le présent qui compte.);彼の意見はともかく、私は反対だ。; (Son opinion mise à part, je suis contre.);細かいことはともかく、大きな方向性を決めよう。; (Laissons de côté les détails, décidons de l'orientation générale.)
hanmen;反面;この薬は効果が高い反面、副作用もある。; (Ce médicament est très efficace, mais d'un autre côté, il a des effets secondaires.);彼は明るい反面、寂しがり屋でもある。; (Il est joyeux, mais d'un autre côté, il a aussi peur de la solitude.);都会は便利な反面、自然が少ない。; (Les villes sont pratiques, mais d'un autre côté, elles manquent de nature.);この仕事は給料がいい反面、責任も重い。; (Ce travail est bien payé, mais d'un autre côté, il est très responsable.)
hodo;ほど;この本は読めば読むほど面白い。; (Plus je lis ce livre, plus il est intéressant.);彼は歩くのが遅いほど、早く着きたいと言う。; (Plus il marche lentement, plus il dit qu'il veut arriver vite.);上に行くほど、景色が良くなる。; (Plus on monte, plus la vue s'améliore.);好きな人ほど、叱らなければならない。; (Plus on aime une personne, plus on doit la réprimander.)
hoka_nai_shikata_ga_nai;ほかない・ほか仕方がない;こうなったら、やるほかない。; (Dans ce cas, il n'y a pas d'autre choix que de le faire.);あきらめるほか仕方がない。; (Il n'y a rien d'autre à faire qu'abandonner.);彼に頼むほかない。; (Il n'y a pas d'autre choix que de le lui demander.);待つほかはない。; (Il n'y a rien d'autre à faire qu'attendre.)
igai_no;以外の;関係者以外の入室を禁ずる。; (Interdiction d'entrer pour les personnes autres que celles concernées.);これ以外の方法はないのか。; (N'y a-t-il pas d'autre moyen que celui-ci ?);彼以外にできる人はいない。; (Il n'y a personne d'autre que lui qui puisse le faire.);土日以外は暇です。; (En dehors du samedi et du dimanche, je suis libre.)
ijo_ha;以上は;約束した以上は、守らなければならない。; (Puisque j'ai promis, je dois tenir ma promesse.);学生である以上は、勉強が第一だ。; (Vu que tu es étudiant, les études passent avant tout.);引き受けた以上は、最後まで責任を持つ。; (Puisque j'ai accepté, j'en assumerai la responsabilité jusqu'au bout.);生きている以上は、希望を持ちたい。; (Tant que je vis, je veux garder espoir.)
ippo_ippo_deha;一方・一方では;彼は仕事に厳しい一方、プライベートでは優しい。; (D'un côté, il est strict au travail, mais de l'autre, il est gentil dans sa vie privée.);この地域は工業が盛んな一方、農業も行われている。; (Cette région a une industrie prospère, mais d'un autre côté, l'agriculture y est aussi pratiquée.);彼はお金に細かい一方、自分のことにはお金をかける。; (D'un côté, il est pingre, mais de l'autre, il dépense pour lui-même.);彼女は明るい一方、繊細な面もある。; (Elle est joyeuse, mais d'un autre côté, elle a aussi un côté sensible.)
jo_ha_mo_no;上は・上も・上の;安全上の理由で立ち入り禁止。; (Interdiction d'entrer pour des raisons de sécurité.);法律上の問題はない。; (Il n'y a pas de problème d'ordre juridique.);健康上よくない。; (Ce n'est pas bon pour la santé.);彼は経験上、そのことを知っているはずだ。; (Il devrait le savoir par expérience.)
ka_to_omou_to_omottara;かと思うと・かと思ったら;空が暗くなったかと思うと、激しい雨が降り出した。; (À peine le ciel s'était-il assombri qu'une pluie battante s'est mise à tomber.);彼が帰ったかと思ったら、また戻ってきた。; (À peine était-il parti qu'il est revenu.);泣いていたかと思うと、もう笑っている。; (À peine pleurait-elle qu'elle rit déjà.);静かになったかと思うと、また騒ぎ出した。; (À peine était-ce devenu calme qu'ils ont recommencé à faire du bruit.)
kagiri;限り;私の知る限りでは、彼は正直な人間だ。; (Pour autant que je sache, c'est une personne honnête.);この契約が続く限り、協力します。; (Je coopérerai tant que ce contrat durera.);生きている限り、希望を捨てない。; (Je n'abandonnerai pas l'espoir tant que je vivrai.);可能な限りのことをする。; (Faire tout ce qui est possible.)
kagiri_deha;限りでは;私の聞いた限りでは、その噂は本当らしい。; (Pour autant que j'aie entendu, cette rumeur semble vraie.);見た限りでは、彼は元気そうだ。; (À en juger par ce que j'ai vu, il a l'air en forme.);調べた限りでは、間違いはない。; (Pour autant que j'ai vérifié, il n'y a pas d'erreur.);彼の話す限りでは、事実はそうではない。; (D'après ce qu'il dit, les faits ne sont pas ainsi.)
kanoyo_ni_na_da;かのようだ・かのような・かのように;彼女は何も知らないかのような顔をした。; (Elle a fait un visage comme si elle ne savait rien.);彼はまるで幽霊を見たかのように青ざめた。; (Il est devenu pâle comme s'il avait vu un fantôme.);その日は春のような暖かさだった。; (Ce jour-là, il faisait une chaleur comme au printemps.);彼は自分が全て正しいかのように話す。; (Il parle comme s'il avait toujours raison.)
kara_iu_to_ieba_itte;から言うと・から言えば・から言って;私の立場から言うと、それは難しい。; (De mon point de vue, c'est difficile.);価格から言って、これは高い。; (En termes de prix, c'est cher.);経験から言えば、それは危険だ。; (D'après mon expérience, c'est dangereux.);彼の態度から言って、謝る気はなさそうだ。; (À en juger par son attitude, il n'a pas l'air de vouloir s'excuser.)
kara_mite_mo_miru_to_mireba;から見ても・から見ると・から見れば;子供から見ると、大人の世界は複雑だ。; (Vu par un enfant, le monde des adultes est complexe.);客観的にから見れば、彼の主張は正しい。; (Vu objectivement, son affirmation est correcte.);経済的観点から見ても、この計画は無理だ。; (Même du point de vue économique, ce plan est impossible.);彼の成績から見れば、合格は難しい。; (À en juger par ses résultats, il est difficile qu'il réussisse.)
kara_ni_ha_ha;からには・からは;日本に来たからには、日本語をマスターしたい。; (Maintenant que je suis venu au Japon, je veux maîtriser le japonais.);約束したからには、守るべきだ。; (Puisque tu as promis, tu devrais tenir ta promesse.);戦うからには勝たなければならない。; (Si on se bat, il faut gagner.);始めたからには最後までやり通す。; (Puisque j'ai commencé, je vais aller jusqu'au bout.)
kara_suru_to_sureba_shite;からすると・からすれば・からして;彼の態度からして、やる気がないのは明らかだ。; (Rien qu'à voir son attitude, il est clair qu'il n'a pas la motivation.);名前からすると、外国人かもしれない。; (À en juger par son nom, c'est peut-être un étranger.);彼の発言からすれば、まだ諦めていないようだ。; (À en juger par ses propos, il semble ne pas avoir encore abandonné.);このレストランは雰囲気からして高いだろう。; (Rien qu'à l'ambiance, ce restaurant doit être cher.)
kara_to_itte;からと言って;体が強いからと言って、無理をしてはいけない。; (Ce n'est pas parce que tu es robuste que tu dois en faire trop.);安いからと言って、必要ない物を買ってはいけない。; (Ce n'est pas parce que c'est bon marché qu'il faut acheter des choses inutiles.);一度失敗したからと言って、諦めるな。; (Ce n'est pas parce que tu as échoué une fois que tu dois abandonner.);お金があるからと言って、幸せとは限らない。; (Ce n'est pas parce qu'on a de l'argent qu'on est forcément heureux.)
karakoso;からこそ;あなたが好きだからこそ、心配するんだ。; (C'est précisément parce que je t'aime que je m'inquiète.);大切だからこそ、失いたくない。; (C'est précisément parce que c'est important que je ne veux pas le perdre.);一生懸命努力したからこそ、成功できた。; (C'est précisément parce que j'ai fait des efforts acharnés que j'ai réussi.);彼は子供だからこそ、純粋なのだ。; (C'est précisément parce qu'il est enfant qu'il est pur.)
ki_ga_suru;気がする;どこかで彼に会ったような気がする。; (J'ai l'impression de l'avoir déjà rencontré quelque part.);彼は嘘をついているような気がする。; (J'ai l'impression qu'il ment.);これはうまくいきそうな気がする。; (J'ai l'impression que ça va marcher.);今日は何かいいことがありそうな気がする。; (J'ai l'impression qu'il va m'arriver quelque chose de bien aujourd'hui.)
kiri;きり;彼とは去年会ったきりだ。; (C'est la dernière fois que je l'ai vu l'année dernière.);彼女は「さようなら」と言ったきり、去って行った。;"(Elle a dit ""au revoir"" et c'est tout, elle est partie.)";一つきり残っていない。; (Il n'en reste qu'un.);一度きりの人生だ。; (La vie n'a lieu qu'une fois.)
kke;っけ;あなたのお名前は何でしたっけ。; (Comment s'appeliez-vous déjà ?);今日は何日だっけ。; (On est quel jour aujourd'hui, déjà ?);あの人、誰だっけ。; (Cette personne, qui c'est, déjà ?);会議は何時からだっけ。; (La réunion est à partir de quelle heure, déjà ?)
koto_da_recommandation;ことだ;健康のためには、よく運動することだ。; (Pour la santé, il faut faire de l'exercice.);上手になりたければ、毎日練習することだ。; (Si tu veux devenir bon, tu dois t'entraîner tous les jours.);遅刻しないように、早く家を出ることだ。; (Pour ne pas être en retard, il faut sortir tôt de chez soi.);疲れたときは、休むことだ。; (Quand on est fatigué, il faut se reposer.)
koto_dakara;ことだから;彼のことだから、きっと成功するよ。; (C'est typique de lui, il réussira sûrement.);子供のことだから、すぐに忘れるよ。; (C'est typique des enfants, ils oublient vite.);彼女のことだから、心配しすぎだよ。; (C'est typique d'elle, elle s'inquiète trop.);あの店のことだから、きっと混んでいる。; (C'est typique de ce magasin, il est sûrement bondé.)
koto_ha_nai;ことはない;心配することはないよ。; (Il n'y a pas lieu de s'inquiéter.);急ぐことはない。; (Il n'y a pas besoin de se presser.);そんなに怒ることはないでしょう。; (Il n'y a pas lieu de se mettre si en colère.);彼に頼むことはない。自分でやる。; (Il n'est pas nécessaire de le lui demander. Je le ferai moi-même.)
koto_ka;ことか;彼の成功をどれほど喜んだことか。; (Comme nous nous sommes réjouis de son succès !);何度彼に注意したことか。; (Combien de fois lui ai-je fait la remarque !);あなたに会える日をどれほど待ち望んだことか。; (Comme j'ai attendu avec impatience le jour où je pourrais te rencontrer !);その時はどんなに悔しかったことか。; (Comme j'étais frustré à ce moment-là !)
koto_kara;ことから;彼がよく知っていることから、彼に聞いてみた。; (Parce qu'il le connaît bien, je lui ai demandé.);彼女が笑っていることから、うまくいったとわかった。; (Parce qu'elle riait, j'ai compris que ça avait marché.);彼が遅れていることから、何かあったのかもしれない。; (Parce qu'il est en retard, il a peut-être un problème.);このデザインが人気なことから、大量生産することにした。; (Parce que ce design est populaire, nous avons décidé de le produire en masse.)
koto_naku;ことなく;彼は一度も失敗することなく、プロジェクトを完了させた。; (Il a mené à bien le projet sans jamais échouer.);彼女は誰にも頼ることなく、一人で全てをやった。; (Elle a tout fait seule sans demander l'aide de personne.);彼はあきらめることなく、挑戦し続けた。; (Il a continué à essayer sans abandonner.);大きな問題も起こることなく、会議は終了した。; (La réunion s'est terminée sans qu'aucun gros problème ne se produise.)
koto_ni_ha;ことには;驚いたことには、彼が犯人だった。; (Chose surprenante, c'était lui le coupable.);残念なことには、時間が足りなかった。; (Malheureusement, le temps a manqué.);嬉しいことには、彼女が合格した。; (Heureusement, elle a réussi.);不思議なことには、彼は何も覚えていなかった。; (Étrangement, il ne se souvenait de rien.)
kurai_gurai_hodo;くらい・ぐらい・ほど;彼は鬼のように怖い。; (Il est effrayant comme un démon.);泣きたいくらい悔しかった。; (J'étais tellement frustré que j'avais envie de pleurer.);彼は子供でもわかるくらい簡単な言葉で説明した。; (Il a expliqué avec des mots si simples que même un enfant pourrait comprendre.);今日は死ぬほど疲れた。; (Je suis mort de fatigue aujourd'hui.)
mai;まい;彼には二度と会うまい。; (Je ne le reverrai plus jamais.);こんな失敗は繰り返すまい。; (Je ne renouvellerai pas une telle erreur.);彼はおそらく来まい。; (Il ne viendra probablement pas.);もうあんなところへは行くまい。; (Je n'irai plus jamais dans un tel endroit.)
mai_ka;まいか;彼が本当のことを知っているのではあるまいか。; (Ne serait-il pas au courant de la vérité ?);これは彼の仕業ではあるまいか。; (Ne serait-ce pas son œuvre ?);彼女はもう到着しているのではあるまいか。; (Ne serait-elle pas déjà arrivée ?);何か問題があるのではあるまいか。; (N'y aurait-il pas un problème ?)
mo_kamawazu;もかまわず;人目もかまわず、彼らは抱き合った。; (Sans se soucier des regards, ils se sont pris dans les bras.);彼は周りの心配もかまわず、無茶をした。; (Sans se soucier de l'inquiétude des autres, il a agi de façon irresponsable.);彼女は服装もかまわず、そのままパーティーに行った。; (Sans se soucier de sa tenue, elle est allée à la fête telle quelle.);時間もかまわず、深夜に電話してきた。; (Il m'a téléphoné tard dans la nuit sans se soucier de l'heure.)
mono_da_n2;ものだ;子供は早く寝るものだ。; (Les enfants, ça doit se coucher tôt.);月日が経つのは早いものだ。; (Comme le temps passe vite !);困ったときは助け合うものだ。; (En cas de problème, on doit s'entraider.);昔はよくここで遊んだものだ。; (Je jouais souvent ici autrefois, tu sais.)
mono_dakara;ものだから;急に雨が降ってきたものだから、タクシーで帰った。; (Parce qu'il s'est mis à pleuvoir soudainement, je suis rentré en taxi.);おなかがすいていたものだから、全部食べてしまった。; (Parce que j'avais faim, j'ai tout mangé.);彼が来ると言ったものだから、待っていた。; (Parce qu'il avait dit qu'il viendrait, j'ai attendu.);とても安かったものだから、つい買ってしまった。; (Parce que c'était vraiment pas cher, je l'ai acheté sans réfléchir.)
mono_ga_aru;ものがある;彼の話には説得力があるものがある。; (Il y a quelque chose de convaincant dans son discours.);この作品には心を打つものがある。; (Il y a quelque chose qui touche le cœur dans cette œuvre.);彼の態度には嫌なものがある。; (Il y a quelque chose de déplaisant dans son attitude.);この町には古き良き時代を感じさせるものがある。; (Il y a quelque chose dans cette ville qui évoque le bon vieux temps.)
mono_ka;ものか;あんな人に負けるものか。; (Il n'est pas question que je perde contre une telle personne !);二度とあんなところへ行くものか。; (Il n'est pas question que j'aille de nouveau dans un tel endroit !);彼の言うことを信じるものか。; (Il n'est pas question que je croie ce qu'il dit !);そんなことがあるものか。; (Une telle chose est impossible !)
mono_nara;ものなら;行けるものなら、今すぐ行きたい。; (Si seulement je pouvais y aller, j'irais tout de suite.);できるものなら、やってみせろ。; (Si tu en es capable, montre-le-moi.);飛べるものなら飛んでみたい。; (Si je pouvais voler, j'aimerais essayer.);戻れるものなら、あの頃に戻りたい。; (Si je pouvais revenir en arrière, je voudrais retourner à cette époque.)
mono_no;ものの;新しいパソコンを買ったものの、まだ使い方がよくわからない。; (J'ai acheté un nouvel ordinateur, mais je ne comprends pas encore bien comment l'utiliser.);引き受けたものの、できるかどうか不安だ。; (J'ai accepté, mais je ne suis pas sûr de pouvoir le faire.);約束はしたものの、時間が取れるかわからない。; (J'ai promis, mais je ne sais pas si je pourrai trouver le temps.);彼女は笑っているものの、目は笑っていなかった。; (Elle riait, mais ses yeux ne riaient pas.)
muke;向け;子供向けのテレビ番組。; (Une émission de télévision destinée aux enfants.);海外向けの製品。; (Un produit destiné à l'étranger.);初心者向けの教科書。; (Un manuel destiné aux débutants.);これは女性向けの雑誌だ。; (C'est un magazine destiné aux femmes.)
muki;向き;この服は普段着向きだ。; (Ces vêtements sont adaptés pour un usage quotidien.);このコースは上級者向きだ。; (Ce cours est adapté aux personnes de niveau avancé.);この料理は子供向きではない。; (Ce plat n'est pas adapté aux enfants.);この仕事は彼向きだ。; (Ce travail lui convient.)
nado_nanka_nante;など・なんか・なんて;彼なんか信用できない。; (Je ne peux pas faire confiance à quelqu'un comme lui.);こんなことなんて、簡単だよ。; (Une chose comme ça, c'est facile.);お金などいらない。; (Je n'ai pas besoin d'argent ou quoi que ce soit.);彼の言うことなんて、気にしないで。; (Ne fais pas attention à ce qu'il dit.)
nai_koto_ha_nai;ないことはない;やればできないことはない。; (Si tu le fais, ce n'est pas impossible.);高いが、買えないことはない。; (C'est cher, mais ce n'est pas impossible à acheter.);行けないこともないが、時間がかかる。; (Ce n'est pas que je ne peux pas y aller, mais ça prend du temps.);その可能性はないこともない。; (Cette possibilité n'est pas inexistante.)
nai_koto_ni_ha;ないことには;実際に見ないことには、わからない。; (Tant que je ne l'ai pas vu de mes propres yeux, je ne peux pas savoir.);やってみないことには、できるかどうかわからない。; (Tant qu'on n'essaie pas, on ne sait pas si on peut le faire.);彼が来ないことには、始められない。; (Tant qu'il n'est pas là, on ne peut pas commencer.);お金がないことには、何もできない。; (Tant qu'on n'a pas d'argent, on ne peut rien faire.)
nakanaka_nai;なかなか + verbe en -ない;バスがなかなか来ない。; (Le bus ne vient vraiment pas.);この問題はなかなか解けない。; (Je n'arrive pas du tout à résoudre ce problème.);彼はなかなか帰ってこない。; (Il ne rentre vraiment pas.);なかなか決められない。; (Je n'arrive vraiment pas à me décider.)
ni_atatte_atari;に当たって・に当たり;開会に当たり、一言ご挨拶申し上げます。; (À l'occasion de l'ouverture, je voudrais dire quelques mots.);新生活を始めるに当たって、必要なものを買った。; (Pour commencer une nouvelle vie, j'ai acheté les choses nécessaires.);プロジェクト開始に当たっての打ち合わせ。; (Une réunion à l'occasion du début du projet.);結婚に当たって、彼女にプロポーズした。; (À l'occasion de notre mariage, je lui ai fait ma demande.)
ni_chigai_nai;に違いない;彼はもう知っているに違いない。; (Il doit déjà le savoir, c'est sûr.);あの声は彼女に違いない。; (Cette voix est sûrement la sienne.);この計画は成功するに違いない。; (Ce plan réussira sans aucun doute.);彼はきっと来るに違いない。; (Il viendra certainement.)
ni_hanshite;に反して;予想に反して、結果は良かった。; (Contrairement aux prévisions, le résultat était bon.);彼の行動は常識に反している。; (Ses actions vont à l'encontre du bon sens.);みんなの期待に反して、彼は失敗した。; (Contrairement aux attentes de tous, il a échoué.);法律に反する行為。; (Un acte contraire à la loi.)
ni_hoka_naranai;にほかならない;彼の成功は努力の結果にほかならない。; (Son succès n'est rien d'autre que le résultat de ses efforts.);この事故は人為的ミスにほかならない。; (Cet accident n'est rien d'autre qu'une erreur humaine.);私の気持ちは感謝にほかならない。; (Mes sentiments ne sont rien d'autre que de la gratitude.);この現象は自然の摂理にほかならない。; (Ce phénomène n'est rien d'autre qu'une loi de la nature.)
ni_kagirazu;に限らず;子供に限らず、大人も楽しめる。; (Pas seulement les enfants, mais les adultes aussi peuvent en profiter.);この規則は学生に限らず、教員にも適用される。; (Cette règle s'applique non seulement aux étudiants, mais aussi aux enseignants.);日本に限らず、世界中で問題になっている。; (C'est un problème non seulement au Japon, mais dans le monde entier.);彼に限らず、誰でも失敗する。; (Pas seulement lui, mais n'importe qui peut échouer.)
ni_kagiru;に限る;夏はビールに限る。; (En été, rien ne vaut une bière.);疲れたときは寝るに限る。; (Quand on est fatigué, rien ne vaut le sommeil.);ストレス解消には運動に限る。; (Pour se déstresser, rien ne vaut l'exercice.);この店のラーメンに限る。; (Rien ne vaut les ramen de ce restaurant.)
ni_kakawarazu_kakawarinaku;にかかわらず・にかかわりなく;天候にかかわらず、試合は決行する。; (Peu importe le temps, le match aura lieu.);年齢にかかわらず、誰でも参加できる。; (Peu importe l'âge, tout le monde peut participer.);結果にかかわらず、努力は認められるべきだ。; (Peu importe le résultat, les efforts devraient être reconnus.);経験の有無にかかわらず、歓迎します。; (Peu importe si vous avez de l'expérience ou non, vous êtes les bienvenus.)
ni_kakete_ha_mo;にかけては・にかけても;彼は走ることにかけては誰にも負けない。; (En ce qui concerne la course, il n'est inférieur à personne.);料理にかけては、彼女が一番だ。; (En matière de cuisine, c'est elle la meilleure.);この分野にかけても、彼は優れている。; (Dans ce domaine aussi, il est excellent.);忍耐力にかけては彼の右に出る者はいない。; (En termes de patience, personne ne le dépasse.)
ni_kotaete;に応えて;ファンの期待に応えて、彼は優勝した。; (Répondant aux attentes de ses fans, il a remporté le championnat.);要望に応えて、サービスを改善した。; (Nous avons amélioré le service en réponse aux demandes.);彼の熱意に応えて、私も協力することにした。; (En réponse à son enthousiasme, j'ai décidé de coopérer moi aussi.);多くの声に応えて、商品を発売した。; (Nous avons mis en vente le produit en réponse à de nombreuses voix.)
ni_mo_kakawarazu;にもかかわらず;雨にもかかわらず、彼は出かけた。; (Malgré la pluie, il est sorti.);警告したにもかかわらず、彼は無視した。; (Malgré mes avertissements, il les a ignorés.);病気にもかかわらず、彼は仕事を続けた。; (Malgré sa maladie, il a continué à travailler.);反対があったにもかかわらず、計画は実行された。; (Malgré l'opposition, le plan a été mis en œuvre.)
ni_moto_zuite;に基づいて;事実に基づいて報告する。; (Faire un rapport basé sur les faits.);法律に基づいて判断する。; (Juger sur la base de la loi.);この小説は実話に基づいている。; (Ce roman est basé sur une histoire vraie.);調査結果に基づいて対策を立てる。; (Établir des contre-mesures sur la base des résultats de l'enquête.)
ni_oite_okeru;において・における;この問題において、彼は重要な役割を果たした。; (Dans ce problème, il a joué un rôle important.);現代における情報技術の発展。; (Le développement de la technologie de l'information à l'époque moderne.);会議において決定された事項。; (Les points décidés lors de la réunion.);彼は芸術における才能がある。; (Il a du talent dans les arts.)
ni_sai_shite_sai_shi;に際して・に際し;出発に際して、注意事項を説明する。; (À l'occasion du départ, expliquer les points de vigilance.);結婚に際して、両家が会った。; (À l'occasion du mariage, les deux familles se sont rencontrées.);開会に際し、一言ご挨拶申し上げます。; (À l'occasion de l'ouverture, je voudrais dire quelques mots.);このプロジェクト開始に際しての準備。; (Les préparatifs à l'occasion du début de ce projet.)
ni_sakidatte;に先立って;試合に先立って、開会式が行われる。; (Avant le match, une cérémonie d'ouverture a lieu.);手術に先立って、様々な検査をする。; (Avant l'opération, divers examens sont effectués.);会議に先立って資料を配布する。; (Distribuer les documents avant la réunion.);出版に先立って、校正を行う。; (Effectuer une relecture avant la publication.)
ni_shiro_shitemo_seyo;にしろ・にしても・にせよ;賛成するにしろ反対するにしろ、理由を述べなさい。; (Que vous soyez pour ou contre, donnez vos raisons.);彼にしろ、彼女にしろ、この件については知らない。; (Que ce soit lui ou elle, ils ne sont pas au courant de cette affaire.);行くにしても行かないにしても、早く決めてください。; (Que vous y alliez ou non, décidez rapidement.);どんな理由にせよ、遅刻は許されない。; (Quelle que soit la raison, le retard n'est pas autorisé.)
ni_shitagatte;に従って;指示に従って行動する。; (Agir conformément aux instructions.);規則に従って処理する。; (Traiter conformément aux règles.);時代の変化に従って、考え方も変わる。; (La façon de penser change au fur et à mesure que l'époque change.);説明書に従って組み立てる。; (Assembler conformément au manuel.)
ni_shitara_sureba_shite_mo;にしたら・にすれば・にしても;彼にしたら、当然の反応だ。; (De son point de vue, c'est une réaction naturelle.);子供にすれば、親は偉大な存在だ。; (Du point de vue de l'enfant, le parent est une présence grandiose.);私にしても、同じことをしただろう。; (Même moi, j'aurais fait la même chose.);患者にしたら、不安なことだろう。; (Du point de vue du patient, ce doit être inquiétant.)
ni_shite_ha;にしては;子供にしては、難しい言葉を知っている。; (Pour un enfant, il connaît des mots difficiles.);初心者にしては、上手に運転する。; (Pour un débutant, il conduit bien.);この値段にしては、品質がいい。; (Pour ce prix, la qualité est bonne.);彼は日本人にしては背が高い。; (Pour un Japonais, il est grand.)
ni_sotte_soi_sou;に沿って・に沿い・に沿う;川に沿って道が続いている。; (Une route longe la rivière.);計画に沿って進める。; (Avancer conformément au plan.);方針に沿った行動。; (Une action conforme à la politique.);要望に沿うように努力する。; (S'efforcer de répondre aux demandes.)
ni_suginai;に過ぎない;彼は一介のサラリーマンに過ぎない。; (Il n'est qu'un simple salarié.);それはほんの冗談に過ぎない。; (Ce n'était qu'une simple plaisanterie.);彼の話は想像に過ぎない。; (Son histoire n'est qu'une simple imagination.);この数字は全体の一部に過ぎない。; (Ce chiffre n'est qu'une partie de l'ensemble.)
ni_soi_nai;に相違ない;彼が言ったことは事実に相違ない。; (Ce qu'il a dit est sûrement vrai.);この証拠は彼が犯人であることを示しているに相違ない。; (Cette preuve indique sans aucun doute que c'est lui le coupable.);彼の成功は努力の賜物に相違ない。; (Son succès est sûrement le fruit de ses efforts.);彼女は知っているに相違ない。; (Elle le sait sûrement.)
ni_tomonatte;に伴って;経済成長に伴って、人々の生活も豊かになった。; (Avec la croissance économique, la vie des gens est aussi devenue plus aisée.);技術の進歩に伴って、仕事のやり方も変わった。; (Avec les progrès technologiques, la façon de travailler a aussi changé.);年を取るに伴って、体力が衰える。; (En vieillissant, la force physique décline.);都市化に伴う問題。; (Les problèmes qui accompagnent l'urbanisation.)
ni_tsuite;について;日本の歴史について勉強する。; (Étudier l'histoire du Japon.);その問題について話し合う。; (Discuter de ce problème.);環境についての講演。; (Une conférence sur l'environnement.);彼について何も知らない。; (Je ne sais rien de lui.)
ni_tsuki;につき;工事中につき、通行止め。; (Fermé à la circulation pour cause de travaux.);会議中につき、静かにしてください。; (Silence s'il vous plaît, réunion en cours.);準備につき、しばらくお待ちください。; (Veuillez patienter un moment pour la préparation.);雨天につき、試合は延期となりました。; (En raison de la pluie, le match est reporté.)
ni_tsurete;につれて;時間が経つにつれて、傷は癒えた。; (À mesure que le temps passait, la blessure guérissait.);子供が成長するにつれて、親の理解が深まる。; (À mesure que l'enfant grandit, la compréhension des parents s'approfondit.);暗くなるにつれて、星が見えてきた。; (À mesure qu'il faisait nuit, les étoiles sont apparues.);経済が発展するにつれて、環境問題も深刻化した。; (À mesure que l'économie se développait, les problèmes environnementaux se sont aussi aggravés.)
ni_wataru_watatte;にわたる・にわたって;10年にわたる研究。; (Une recherche s'étendant sur dix ans.);全編にわたって面白い小説。; (Un roman intéressant de bout en bout.);広範囲にわたる影響。; (Une influence s'étendant sur une vaste zone.);彼は生涯にわたってその信念を貫いた。; (Il a maintenu cette conviction tout au long de sa vie.)
ni_ojite;に応じて;必要に応じて支援する。; (Apporter un soutien selon les besoins.);能力に応じて仕事を割り振る。; (Répartir le travail en fonction des capacités.);収入に応じて支出を調整する。; (Ajuster les dépenses en fonction des revenus.);状況に応じて対応を変える。; (Changer la réponse en fonction de la situation.)
no_moto_de_ni;のもとで・のもとに;先生の指導のもとで研究を進める。; (Poursuivre ses recherches sous la direction du professeur.);法律のもとで平等が保障される。; (L'égalité est garantie par la loi.);彼のリーダーシップのもとにチームはまとまった。; (L'équipe s'est unie sous sa direction.);契約のもとに働く。; (Travailler sous contrat.)
nomi_narazu;のみならず;彼は頭がいいのみならず、スポーツも得意だ。; (Non seulement il est intelligent, mais il est aussi bon en sport.);この薬は効くのみならず、副作用も少ない。; (Non seulement ce médicament est efficace, mais ses effets secondaires sont aussi faibles.);国内のみならず、海外でも有名だ。; (Célèbre non seulement au pays, mais aussi à l'étranger.);経済的であるのみならず、環境にも優しい。; (Non seulement c'est économique, mais c'est aussi bon pour l'environnement.)
nuki_de_no;抜きで・抜きの;朝食抜きで出かけた。; (Je suis sorti sans petit-déjeuner.);冗談抜きで真剣に話そう。; (Parlons sérieusement, sans blague.);彼抜きのプロジェクトは考えられない。; (Un projet sans lui est inimaginable.);お酒抜きのパーティー。; (Une fête sans alcool.)
osore_ga_aru;恐れがある;このままでは事故が起こる恐れがある。; (Si cela continue ainsi, il y a un risque d'accident.);台風が上陸する恐れがある。; (Il y a un risque que le typhon touche terre.);彼の病気は再発する恐れがある。; (Sa maladie risque de récidiver.);経済が悪化する恐れがある。; (Il y a un risque que l'économie se détériore.)
ppoi;っぽい;彼は子供っぽい。; (Il est enfantin.);このスープは水っぽい。; (Cette soupe est aqueuse.);彼女は飽きっぽい性格だ。; (Elle a un caractère qui s'ennuie vite.);忘れっぽい。; (Oublieux.)
sae_karashite;さえ・からして;そんなこと、子供さえ知っている。; (Même un enfant sait une telle chose.);彼は自分の名前さえ書けない。; (Il ne peut même pas écrire son propre nom.);その態度からして気に食わない。; (Rien que son attitude ne me plaît pas.);彼の話し方からして、自信があるようだ。; (Rien qu'à sa façon de parler, il semble avoir confiance en lui.)
sai_ni;際に;お降りの際は、お忘れ物のないようお気をつけください。; (Lors de la descente, veuillez faire attention à ne rien oublier.);ご利用の際は、説明書をお読みください。; (Lors de l'utilisation, veuillez lire le manuel.);非常の際は、このボタンを押してください。; (En cas d'urgence, veuillez appuyer sur ce bouton.);お問い合わせの際は、番号を押してください。; (Lors de votre appel, veuillez composer le numéro.)
saichu_ni;最中に;食事の最中に電話がかかってきた。; (Le téléphone a sonné en plein milieu du repas.);彼は仕事の最中だ。; (Il est en plein travail.);会議の最中に地震が起こった。; (Un tremblement de terre s'est produit en plein milieu de la réunion.);試合の最中に雨が降り出した。; (Il s'est mis à pleuvoir en plein milieu du match.)
shidai_deha_da;次第では・次第だ;君の努力次第で結果は変わる。; (Le résultat change selon tes efforts.);成績次第では、進学できる。; (Selon les résultats, tu peux poursuivre tes études.);売れ行き次第では増産する。; (Selon les ventes, nous augmenterons la production.);全てはあなたの決断次第だ。; (Tout dépend de votre décision.)
shikanai;しかない;こうなったら、逃げるしかない。; (Dans ce cas, il n'y a plus qu'à fuir.);彼を信じるしかない。; (Je n'ai pas d'autre choix que de lui faire confiance.);待つしかない。; (Il n'y a plus qu'à attendre.);自分でやるしかない。; (Je n'ai pas d'autre choix que de le faire moi-même.)
sue_ni_no_sue;末に・末の・の末;長い議論の末に、結論が出た。; (Après une longue discussion, une conclusion est apparue.);苦労の末に成功を収めた。; (Après beaucoup d'efforts, il a connu le succès.);試行錯誤の末の製品。; (Un produit après des essais et des erreurs.);悩んだ末に彼に相談することにした。; (Après m'être inquiété, j'ai décidé de lui en parler.)
to_itte_mo;と言っても;泳げると言っても、ほんの少しです。; (Bien que je dise que je sais nager, c'est juste un peu.);料理が好きと言っても、専門家ほどではありません。; (Bien que je dise que j'aime cuisiner, ce n'est pas comme un expert.);日本語が話せると言っても、まだまだです。; (Bien que je dise que je parle japonais, je suis encore loin d'être bon.);お金持ちと言っても、大富豪というわけではない。; (Bien qu'on dise qu'il est riche, ce n'est pas un milliardaire.)
to_iu_koto_da;と言うことだ;彼はもう来ないと言うことだ。; (Ça veut dire qu'il ne viendra plus.);飛行機が遅れると言うことだ。; (J'ai entendu que l'avion serait en retard.);会議は中止になったと言うことだ。; (On dit que la réunion a été annulée.);彼が犯人だと言うことだ。; (Cela signifie que c'est lui le coupable.)
to_iu_mono_da;と言うものだ;それは無責任というものだ。; (C'est ce qu'on appelle de l'irresponsabilité.);彼の行動は立派というものだ。; (Son action est admirable, je trouve.);こんなに努力したのだから、成功して当然というものだ。; (Vu tous ces efforts, il est naturel de réussir, je pense.);彼の言うことは矛盾というものだ。; (Ce qu'il dit est contradictoire, c'est sûr.)
to_iu_mono_deha_nai;と言うものではない;お金があれば幸せというものではない。; (Ce n'est pas parce qu'on a de l'argent qu'on est heureux.);速ければいいというものではない。; (Ce n'est pas parce que c'est rapide que c'est bien.);たくさん食べれば健康になるというものではない。; (Ce n'est pas en mangeant beaucoup qu'on devient en bonne santé.);有名な大学を出れば成功するというものではない。; (Ce n'est pas en sortant d'une université prestigieuse qu'on réussit.)
to_iu_yori;と言うより;彼は学者というより、評論家だ。; (Il est plus un critique qu'un savant.);この料理は辛いというより、刺激的だ。; (Ce plat est plus stimulant qu'épicé.);彼の話は説明というより、説教だ。; (Son discours est plus un sermon qu'une explication.);彼女はきれいというより、かわいい。; (Elle est plus mignonne que belle.)
to_shitara_sureba;としたら・とすれば;もし百万円あるとしたら、何に使いますか。; (Si vous aviez un million de yens, à quoi les utiliseriez-vous ?);彼が犯人だとしたら、動機は何だろう。; (S'il est le coupable, quel est son mobile ?);明日雨だとすれば、ピクニックは延期だ。; (S'il pleut demain, le pique-nique est reporté.);彼が来ないとすれば、誰が代わりに行くのか。; (S'il ne vient pas, qui ira à sa place ?)
to_shite_ha;としては;学生としては、もっと勉強すべきだ。; (En tant qu'étudiant, tu devrais étudier davantage.);この結果としては、まずまずだ。; (En tant que résultat, c'est plutôt bon.);彼としては精一杯やった。; (Il a fait de son mieux en ce qui le concerne.);この値段としては品質がいい。; (Pour ce prix, la qualité est bonne.)
to_shite_mo;としても;たとえ反対されても、私は行く。; (Même si on s'y oppose, j'irai.);お金がなかったとしても、幸せになれる。; (Même si on n'a pas d'argent, on peut être heureux.);彼が来ないとしても、会議は始める。; (Même s'il ne vient pas, la réunion commencera.);失敗したとしても、また挑戦する。; (Même si j'échoue, je réessaierai.)
to_tomo_ni;とともに;年を取るとともに、体力が衰える。; (En vieillissant, la force physique décline.);経済の発展とともに、人々の生活も豊かになった。; (Avec le développement économique, la vie des gens est aussi devenue plus aisée.);彼とともに戦った仲間。; (Des camarades qui ont combattu avec lui.);時代の変化とともに、習慣も変わる。; (Les coutumes changent avec l'évolution des époques.)
toka;とか;彼は病気だとか。; (Il paraît qu'il est malade.);明日は雨だとか。; (Il semblerait qu'il pleuvra demain.);あの店はおいしいとか。; (Il paraît que ce restaurant est bon.);彼女は結婚するとか。; (On dit qu'elle va se marier.)
tsutsu;つつ;体に悪いと知りつつ、たばこを吸う。; (Je fume tout en sachant que c'est mauvais pour la santé.);彼は笑いながらも、心の中では悲しんでいた。; (Tout en riant, il était triste dans son cœur.);反省しつつも、同じ過ちを繰り返す。; (Tout en regrettant, il répète la même erreur.);彼女は働きつつ、学校に通っている。; (Elle va à l'école tout en travaillant.)
ue_de;上で;よく考えた上で決めてください。; (Veuillez décider après avoir bien réfléchi.);両親と相談した上で返事します。; (Je répondrai après en avoir discuté avec mes parents.);内容を確認した上でサインする。; (Signer après avoir vérifié le contenu.);比較検討した上で購入する。; (Acheter après avoir comparé et examiné.)
ue_ha;上は;決めた上は、最後までやり通す。; (Puisque j'ai décidé, je vais aller jusqu'au bout.);約束した上は、守らなければならない。; (Puisque tu as promis, tu dois tenir ta promesse.);引き受けた上は、責任を持つ。; (Puisque j'ai accepté, j'en assumerai la responsabilité.);始めた上は、あきらめない。; (Puisque j'ai commencé, je n'abandonnerai pas.)
ue_ni;上に;彼は頭がいい上に、スポーツも得意だ。; (Il est intelligent et en plus bon en sport.);このホテルは景色がいい上に、サービスもすばらしい。; (Cet hôtel a une belle vue et en plus un service excellent.);彼女は美人な上に、心も優しい。; (Elle est belle et en plus gentille.);この車はデザインがいい上に、燃費もいい。; (Cette voiture a un bon design et en plus une bonne consommation.)
eba_verb_neutre_hodo;Verbe -えば + verbe neutre + ほど;勉強すればするほど、わからなくなる。; (Plus j'étudie, moins je comprends.);この本は読めば読むほど面白い。; (Plus je lis ce livre, plus il est intéressant.);彼は見れば見るほどかっこいい。; (Plus je le regarde, plus il est beau.);考えれば考えるほど、迷ってしまう。; (Plus je réfléchis, plus je suis perdu.)
naide_zuni_ha_irarenai;Verbe -ないで ou verbe -ずに + はいられない;彼の話を聞かないではいられない。; (Je ne peux pas m'empêcher d'écouter son histoire.);笑わずにはいられなかった。; (Je n'ai pas pu m'empêcher de rire.);涙を流さずにはいられない映画。; (Un film qui fait qu'on ne peut pas s'empêcher de pleurer.);助けずにはいられない。; (Je ne peux pas m'empêcher d'aider.)
ta_kiri;Verbe -た + きり;彼とは去年会ったきりだ。; (C'est la dernière fois que je l'ai vu l'année dernière.);家を出たきり帰らない。; (Il est parti de chez lui et n'est jamais revenu.);彼女は電話をくれたきり、連絡がない。; (Elle m'a téléphoné, et depuis plus de nouvelles.);買ったきり使っていない。; (Je l'ai acheté et ne l'ai jamais utilisé depuis.)
te_hajimete;Verbe -て + はじめて;日本に来てはじめて、寿司を食べた。; (Je n'ai mangé des sushis qu'après être venu au Japon.);病気になってはじめて、健康のありがたさがわかる。; (On ne comprend la valeur de la santé qu'après être tombé malade.);彼に会ってはじめて、恋の意味を知った。; (Je n'ai compris le sens de l'amour qu'après l'avoir rencontré.);一人暮らしをしてはじめて、親の苦労がわかった。; (Je n'ai compris les difficultés de mes parents qu'après avoir vécu seul.)
te_karade_nai_to_nakereba;Verbe -て + からでないと・からでなければ;先生に聞いてからでないと、答えられない。; (Je ne peux pas répondre avant d'avoir demandé au professeur.);許可をもらってからでなければ、始められない。; (On ne peut pas commencer avant d'avoir obtenu la permission.);準備ができてからでないと、出発できない。; (On ne peut pas partir avant que les préparatifs soient prêts.);お金を払ってからでなければ、商品は渡せません。; (Nous ne pouvons pas remettre la marchandise avant que le paiement ne soit effectué.)
te_naranai;Verbe -て + ならない;彼のことが心配でならない。; (Je suis terriblement inquiet pour lui.);この音楽を聞くと、懐かしくてならない。; (Quand j'écoute cette musique, je me sens terriblement nostalgique.);彼女に会いたくてならない。; (Je veux terriblement la voir.);試験の結果が気になってならない。; (Le résultat de l'examen me préoccupe terriblement.)
te_tamaranai_shoganai;Verbe -て + たまらない・しょうがない;暑くてたまらない。; (Il fait terriblement chaud.);おなかがすいてしょうがない。; (J'ai terriblement faim.);彼の失敗がかわいそうでたまらない。; (Son échec me fait terriblement pitié.);眠くてしょうがない。; (J'ai terriblement sommeil.)
keigo_vocabulaire;Vocabulaire pour le keigo;召し上がる ;(manger/boire - respectueux);なさる ;(faire – respectueux);いたす ;(faire – humble);伺う; (aller/venir/demander – humble)
wake_desu;わけです;彼は十年間日本に住んでいたから、日本語が上手なわけです。; (C'est normal qu'il parle bien japonais, puisqu'il a vécu dix ans au Japon.);熱が40度もあるのだから、気分が悪いわけです。; (Il est naturel qu'il se sente mal, puisqu'il a 40 de fièvre.);一生懸命勉強したから、合格したわけです。; (Il a réussi parce qu'il a beaucoup étudié.);彼はプロだから、上手なわけです。; (C'est normal qu'il soit bon, puisqu'il est professionnel.)
wake_ga_nai;わけがない;彼がそんなことをするわけがない。; (Il n'est pas possible qu'il fasse une telle chose.);この問題が簡単に解けるわけがない。; (Il n'est pas possible de résoudre ce problème facilement.);彼女が嘘をつくわけがない。; (Il n'est pas possible qu'elle mente.);そんなうまい話があるわけがない。; (Il n'est pas possible qu'il y ait une affaire aussi profitable.)
wake_ni_ha_ikanai;わけにはいかない;今日は仕事があるので、休むわけにはいかない。; (Aujourd'hui, j'ai du travail, donc je ne peux pas me permettre de me reposer.);約束したので、行かないわけにはいかない。; (J'ai promis, donc je ne peux pas me permettre de ne pas y aller.);ここでやめるわけにはいかない。; (Je ne peux pas me permettre d'arrêter ici.);彼に本当のことを言うわけにはいかない。; (Je ne peux pas me permettre de lui dire la vérité.)
wari_ni;わりに;彼は年のわりに若く見える。; (Il paraît jeune pour son âge.);このレストランは値段のわりにおいしい。; (Ce restaurant est bon par rapport à son prix.);彼女は忙しいわりに、よく本を読む。; (Elle lit beaucoup de livres pour quelqu'un d'aussi occupé.);この車は小型のわりに、広い。; (Cette voiture est spacieuse pour sa taille.)
wo_keiki_ni_shite_toshite;を契機に・を契機として;転職を契機に、新しい生活を始めた。; (J'ai commencé une nouvelle vie suite à mon changement d'emploi.);この事故を契機として、安全対策が強化された。; (Suite à cet accident, les mesures de sécurité ont été renforcées.);出会いを契機に、彼女と交際を始めた。; (Suite à notre rencontre, nous avons commencé à sortir ensemble.);病気を契機に、生活習慣を見直した。; (Suite à ma maladie, j'ai revu mes habitudes de vie.)
wo_kikkake_ni_shite_toshite;をきっかけに・をきっかけとして;留学をきっかけに、英語が好きになった。; (Depuis mon séjour à l'étranger, j'ai commencé à aimer l'anglais.);彼の一言をきっかけに、喧嘩になった。; (Suite à une de ses remarques, une dispute a éclaté.);この本をきっかけに、歴史に興味を持った。; (Ce livre a déclenché mon intérêt pour l'histoire.);友人の紹介をきっかけとして、この会社に入った。; (Suite à une présentation d'un ami, je suis entré dans cette entreprise.)
wo_komete;を込めて;愛を込めて料理を作る。; (Préparer un repas avec tout son amour.);心を込めてお礼を言う。; (Remercier de tout son cœur.);感謝を込めて手紙を書いた。; (J'ai écrit une lettre pleine de gratitude.);思いを込めて歌う。; (Chanter avec toute son émotion.)
wo_megutte;をめぐって;遺産をめぐって争う。; (Se disputer autour de l'héritage.);この政策をめぐって議論が起こった。; (Un débat a surgi autour de cette politique.);事件の真相をめぐって様々な説がある。; (Il existe diverses théories autour de la vérité de l'affaire.);環境問題をめぐる国際会議。; (Une conférence internationale sur les questions environnementales.)
wo_moto_ni_shite;を元に・を元にして;実際の事件を元にした小説。; (Un roman basé sur une affaire réelle.);彼の証言を元に調査する。; (Enquêter sur la base de son témoignage.);このデータを元にして報告書を作成する。; (Créer un rapport en se fondant sur ces données.);伝説を元に映画が作られた。; (Un film a été réalisé à partir d'une légende.)
wo_towazu_ha_towazu;を問わず・は問わず;年齢を問わず参加できる。; (Tout le monde peut participer, quel que soit son âge.);経験の有無は問わない。; (L'expérience n'est pas prise en compte.);性別を問わず、機会は平等だ。; (Les chances sont égales, quel que soit le sexe.);天候を問わず、決行します。; (Cela aura lieu quel que soit le temps.)
wo_tsujite_tooshite;を通じて・を通して;インターネットを通じて情報を得る。; (Obtenir des informations par Internet.);彼を通して彼女に連絡した。; (Je l'ai contactée par son intermédiaire.);生涯を通じて学び続ける。; (Continuer à apprendre tout au long de la vie.);この本を通して多くのことを知った。; (J'ai beaucoup appris à travers ce livre.)
zaru_wo_enai;ざるを得ない;そうせざるを得ない。; (Je n'ai pas d'autre choix que de faire ainsi.);彼の意見に賛成せざるを得ない。; (Je ne peux qu'être d'accord avec son opinion.);やめざるを得なかった。; (J'ai dû arrêter.);彼を信頼せざるを得ない。; (Je n'ai pas d'autre choix que de lui faire confiance.)
ka_nai_ka_no_uchi_ni;~か~ないかのうちに;彼が座るか座らないかのうちに、ベルが鳴った。; (À peine était-il assis (ou pas encore) que la cloche a sonné.);ドアを閉めるか閉めないかのうちに、電話がかかってきた。; (À peine avais-je fermé la porte (ou pas encore) que le téléphone a sonné.);彼女は「こんにちは」と言うか言わないかのうちに、走り去った。; (À peine avait-elle dit bonjour (ou pas encore) qu'elle a détalé.);電車が止まるか止まらないかのうちに、彼は飛び降りた。; (À peine le train s'était-il arrêté (ou pas encore) qu'il a sauté.)
yara_yara;~やら~やら;嬉しいやら悲しいやら複雑な気持ちだ。; (Je ressens des sentiments complexes, à la fois de la joie et de la tristesse.);猫やら犬やら、たくさんペットを飼っている。; (Il a beaucoup d'animaux de compagnie, comme des chats, des chiens, etc.);泣くやら叫ぶやら、大騒ぎだった。; (C'était un grand chahut, avec des pleurs, des cris, etc.);本やらノートやら、机の上が散らかっている。; (Le bureau est en désordre avec des livres, des cahiers, etc.)
mo_eba_nara_mo;~も + verbe -えば ou nara + ~も;英語もできれば、フランス語もできる。; (Non seulement il parle anglais, mais il parle aussi français.);彼は走るのも速ければ、泳ぐのも速い。; (Non seulement il court vite, mais il nage aussi vite.);彼女は歌も上手なら、ダンスも上手だ。; (Non seulement elle chante bien, mais elle danse aussi bien.);彼は勉強もできなければ、スポーツもできない。; (Il n'est bon ni en études ni en sport.)
base_naosu;Base verbale + 直す;もう一度書き直す。; (Réécrire encore une fois.);計算をやり直す。; (Refaire le calcul.);考え直す時間がほしい。; (Je veux du temps pour repenser.);人生をやり直したい。; (Je veux recommencer ma vie.)
base_owaru;Base verbale + 終わる;本を読み終わった。; (J'ai fini de lire le livre.);仕事をし終わる。; (Finir de travailler.);食べ終わったら片付けよう。; (Une fois qu'on a fini de manger, rangeons.);彼は話し終わると、去って行った。; (Quand il eut fini de parler, il s'en alla.)
conjecturale_to_omou;Forme conjecturale + と思う;明日は晴れると思う。; (Je pense qu'il fera beau demain.);彼は来ないと思う。; (Je pense qu'il ne viendra pas.);この計画はうまくいくと思う。; (Je pense que ce plan va marcher.);彼女は知っていると思う。; (Je pense qu'elle le sait.)
goro_gurai_yaku;ごろ・ぐらい・約;3時ごろに帰る。; (Je rentre vers 3 heures.);千円ぐらい持っている。; (J'ai environ 1000 yens.);約10人来た。; (Environ 10 personnes sont venues.);一時間ぐらいかかる。; (Ça prend environ une heure.)
hitsuyo;必要;パスポートが必要だ。; (Un passeport est nécessaire.);もっと勉強する必要がある。; (Il est nécessaire d'étudier davantage.);必要に応じて連絡する。; (Je contacte si nécessaire.);必要なものを買う。; (Acheter les choses nécessaires.)
ichio;一応;一応確認してみる。; (Je vérifie quand même.);一応傘を持っていく。; (Je prends un parapluie, au cas où.);一応彼に聞いてみよう。; (On va lui demander, quand même.);一応準備はしておいた。; (Je l'ai préparé, au cas où.)
nidoto;二度と;二度とそんなことはしない。; (Je ne ferai plus jamais une telle chose.);彼には二度と会いたくない。; (Je ne veux plus jamais le revoir.);二度と戻らない。; (Je ne reviendrai plus jamais.);二度とあんな失敗はするまい。; (Je ne referai plus jamais une telle erreur.)
sonna_ni;そんなに;そんなに高くない。; (Ce n'est pas si cher.);そんなに急がなくてもいい。; (Tu n'as pas besoin de te presser autant.);そんなに難しい問題ではない。; (Ce n'est pas un problème si difficile.);彼はそんなに悪い人ではない。; (Ce n'est pas une si mauvaise personne.)
tada_no_tan_ni;ただの・単に;彼はただの学生だ。; (Il n'est qu'un simple étudiant.);それは単なる冗談だ。; (Ce n'est qu'une simple blague.);ただの風邪です。; (Ce n'est qu'un simple rhume.);単に興味があるだけです。; (Je suis simplement intéressé.)
to_iu_no_ha;というのは;「先生」というのは、尊敬すべき人だ。;"(Ce qu'on appelle ""professeur"", c'est une personne qu'on doit respecter.)";彼が言う「自由」というのは何だろう。;"(Qu'est-ce qu'il entend par ""liberté"" ?)";この記号は「危険」という意味です。;"(Ce symbole signifie ""danger"".)";「愛」というのは難しい。; (L'amour, c'est difficile.)
eba_ii_noni;Verbe -えば + いいのに;もっと早く来ればいいのに。; (Tu devrais venir plus tôt.);正直に言えばいいのに。; (Tu devrais dire la vérité.);休めばいいのに。; (Tu devrais te reposer.);彼に聞けばいいのに。; (Tu devrais lui demander.)
ta_ra_ii_desu_ka;Verbe -た + ら + いいですか;どこで待ったらいいですか。; (Où dois-je attendre ?);いつ電話したらいいですか。; (Quand dois-je téléphoner ?);何を勉強したらいいですか。; (Que dois-je étudier ?);どうやって行ったらいいですか。; (Comment dois-je y aller ?)
te_mo_shoganai_shikataganai;Verbe -て + も + しょうがない・仕方がない;今更後悔してもしょうがない。; (Il est inutile de regretter maintenant.);泣いても仕方がない。; (Pleurer ne sert à rien.);そんなに怒ってもしょうがない。; (Se mettre si en colère ne sert à rien.);もう終わったことだから、考えても仕方がない。; (Puisque c'est déjà fini, il est inutile d'y penser.)
zutsu;ずつ;少しずつ進歩する。; (Progresser petit à petit.);一人に一つずつ配る。; (Distribuer un à chacun.);一日に三回ずつ飲む。; (Prendre trois fois par jour.);毎月5万円ずつ貯金する。; (Économiser 50 000 yens par mois.)
